Tanggal,Jumlah Orang di Test,Orang Positif Harian,Positivity Rate Kasus Baru Harian,Total Spesimen di Test,Positif,Positivity Rate Spesimen Harian,V1 usia_atas,V2 usia_atas,V1 usia_tengah,V2 usia_tengah,V1 usia_muda,V2 usia_muda
2021-03-05,8787,1616,0.184,11875,3639,0.306,0.0,0.0,0.0,0.0,0.0,0.0
2021-03-06,8261,1834,0.222,10327,3116,0.302,0.0,0.0,0.0,0.0,0.0,0.0
2021-03-07,11041,1783,0.161,5460,1356,0.248,0.0,0.0,0.0,0.0,0.0,0.0
2021-03-08,12172,867,0.071,15215,3357,0.221,0.0,0.0,0.0,0.0,0.0,0.0
2021-03-09,13813,1040,0.075,17709,4373,0.247,0.0,0.0,0.0,0.0,0.0,0.0
2021-03-10,14611,1754,0.12,18264,4302,0.236,0.0,0.0,0.0,0.0,0.0,0.0
2021-03-11,12062,1873,0.155,13865,2586,0.187,0.0,0.0,0.0,0.0,0.0,0.0
2021-03-12,11376,1034,0.091,14220,3237,0.228,0.0,0.0,0.0,0.0,0.0,0.0
2021-03-13,11932,1204,0.1009999999999999,15700,4613,0.294,0.0,0.0,0.0,0.0,0.0,0.0
2021-03-14,9342,1555,0.166,10739,1956,0.182,0.0,0.0,0.0,0.0,0.0,0.0
2021-03-15,15239,835,0.055,19049,3952,0.207,0.0,0.0,0.0,0.0,0.0,0.0
2021-03-16,13736,1330,0.0969999999999999,19623,6834,0.348,0.0,0.0,0.0,0.0,0.0,0.0
2021-03-17,15107,1719,0.114,18884,4075,0.216,0.0,0.0,0.0,0.0,0.0,0.0
2021-03-18,11497,1588,0.138,14372,3103,0.216,0.0,0.0,0.0,0.0,0.0,0.0
2021-03-19,13204,1937,0.147,16506,3572,0.216,0.0,0.0,0.0,0.0,0.0,0.0
2021-03-20,10562,1638,0.155,13240,3137,0.237,0.0,0.0,0.0,0.0,0.0,0.0
2021-03-21,8728,1474,0.1689999999999999,10911,2093,0.192,0.0,0.0,0.0,0.0,0.0,0.0
2021-03-22,10242,815,0.08,13132,2977,0.2269999999999999,0.0,0.0,0.0,0.0,0.0,0.0
2021-03-23,16096,890,0.055,20120,4133,0.205,0.0,0.0,0.0,0.0,0.0,0.0
2021-03-24,12742,1726,0.135,15928,3326,0.209,0.0,0.0,0.0,0.0,0.0,0.0
2021-03-25,13080,1381,0.106,16350,3064,0.187,0.0,0.0,0.0,0.0,0.0,0.0
2021-03-26,13086,1354,0.103,16714,3259,0.195,0.0,0.0,0.0,0.0,0.0,0.0
2021-03-27,12292,1470,0.12,15365,2520,0.1639999999999999,0.0,0.0,0.0,0.0,0.0,0.0
2021-03-28,7497,1014,0.135,9372,1373,0.147,0.0,0.0,0.0,0.0,0.0,0.0
2021-03-29,11412,384,0.034,14632,2722,0.186,0.0,0.0,0.0,0.0,0.0,0.0
2021-03-30,13420,965,0.072,16366,3120,0.191,0.0,0.0,0.0,0.0,0.0,0.0
2021-03-31,12124,1337,0.11,15156,2822,0.186,0.0,0.0,0.0,0.0,0.0,0.0
2021-04-01,11141,1240,0.111,13927,2485,0.178,0.0,0.0,0.0,0.0,0.0,0.0
2021-04-02,7516,1098,0.146,9396,1478,0.157,0.0,0.0,0.0,0.0,0.0,0.0
2021-04-03,7694,736,0.096,10124,1744,0.172,0.0,0.0,0.0,0.0,0.0,0.0
2021-04-04,7333,523,0.071,9778,1785,0.183,0.0,0.0,0.0,0.0,0.0,0.0
2021-04-05,12620,487,0.039,15776,2821,0.179,0.0,0.0,0.0,0.0,0.0,0.0
2021-04-06,12096,862,0.071,15918,2688,0.1689999999999999,0.0,0.0,0.0,0.0,0.0,0.0
2021-04-07,9603,1239,0.129,13296,2307,0.174,0.0,0.0,0.0,0.0,0.0,0.0
2021-04-08,10548,1013,0.096,16708,2363,0.141,0.0,0.0,0.0,0.0,0.0,0.0
2021-04-09,10442,977,0.094,16208,2356,0.145,0.0,0.0,0.0,0.0,0.0,0.0
2021-04-10,8868,1031,0.1159999999999999,14245,1818,0.128,0.0,0.0,0.0,0.0,0.0,0.0
2021-04-11,7265,692,0.095,9082,1213,0.134,0.0,0.0,0.0,0.0,0.0,0.0
2021-04-12,7576,828,0.109,14487,2357,0.163,0.0,0.0,0.0,0.0,0.0,0.0
2021-04-13,12934,661,0.051,20115,3460,0.172,0.0,0.0,0.0,0.0,0.0,0.0
2021-04-14,10673,1330,0.125,16048,2723,0.17,0.0,0.0,0.0,0.0,0.0,0.0
2021-04-15,11191,979,0.087,16409,2576,0.157,0.0,0.0,0.0,0.0,0.0,0.0
2021-04-16,10823,1037,0.096,14451,2115,0.146,0.0,0.0,0.0,0.0,0.0,0.0
2021-04-17,6749,950,0.141,11844,1964,0.166,0.0,0.0,0.0,0.0,0.0,0.0
2021-04-18,8565,973,0.114,11099,1551,0.14,0.0,0.0,0.0,0.0,0.0,0.0
2021-04-19,8601,460,0.053,13690,2083,0.152,0.0,0.0,0.0,0.0,0.0,0.0
2021-04-20,11434,602,0.053,14525,2487,0.171,0.0,0.0,0.0,0.0,0.0,0.0
2021-04-21,10519,1266,0.12,13051,1796,0.138,0.0,0.0,0.0,0.0,0.0,0.0
2021-04-22,8671,884,0.102,13863,2054,0.148,0.0,0.0,0.0,0.0,0.0,0.0
2021-04-23,9747,907,0.093,14348,2382,0.166,0.0,0.0,0.0,0.0,0.0,0.0
2021-04-24,7851,896,0.114,13980,2245,0.161,0.0,0.0,0.0,0.0,0.0,0.0
2021-04-25,6846,749,0.109,8558,1480,0.173,0.0,0.0,0.0,0.0,0.0,0.0
2021-04-26,7856,393,0.05,14746,2253,0.153,0.0,0.0,0.0,0.0,0.0,0.0
2021-04-27,10830,639,0.059,14992,2325,0.155,0.0,0.0,0.0,0.0,0.0,0.0
2021-04-28,9559,987,0.103,12120,1863,0.154,0.0,0.0,0.0,0.0,0.0,0.0
2021-04-29,9712,789,0.081,14576,2600,0.178,0.0,0.0,0.0,0.0,0.0,0.0
2021-04-30,9962,926,0.093,17048,2163,0.127,0.0,0.0,0.0,0.0,0.0,0.0
2021-05-01,6957,854,0.123,11590,2128,0.184,0.0,0.0,0.0,0.0,0.0,0.0
2021-05-02,6765,757,0.1119999999999999,9020,888,0.098,0.0,0.0,0.0,0.0,0.0,0.0
2021-05-03,8154,416,0.051,17082,2275,0.133,0.0,0.0,0.0,0.0,0.0,0.0
2021-05-04,10686,845,0.079,17285,2448,0.142,0.0,0.0,0.0,0.0,0.0,0.0
2021-05-05,11480,905,0.079,16710,2208,0.132,0.0,0.0,0.0,0.0,0.0,0.0
2021-05-06,10752,783,0.073,17747,2114,0.119,0.0,0.0,0.0,0.0,0.0,0.0
2021-05-07,9612,732,0.076,15473,2196,0.142,0.0,0.0,0.0,0.0,0.0,0.0
2021-05-08,8206,809,0.099,13267,1968,0.148,0.0,0.0,0.0,0.0,0.0,0.0
2021-05-09,6910,694,0.1,9872,2004,0.203,0.0,0.0,0.0,0.0,0.0,0.0
2021-05-10,6139,406,0.066,9997,1711,0.171,0.0,0.0,0.0,0.0,0.0,0.0
2021-05-11,8182,656,0.08,11689,1640,0.14,0.0,0.0,0.0,0.0,0.0,0.0
2021-05-12,8229,785,0.095,11757,1730,0.147,0.0,0.0,0.0,0.0,0.0,0.0
2021-05-13,4590,632,0.138,6121,923,0.151,0.0,0.0,0.0,0.0,0.0,0.0
2021-05-14,4032,227,0.0559999999999999,6056,912,0.151,0.0,0.0,0.0,0.0,0.0,0.0
2021-05-15,3580,161,0.045,6760,969,0.143,0.0,0.0,0.0,0.0,0.0,0.0
2021-05-16,4361,421,0.0969999999999999,6230,930,0.149,0.0,0.0,0.0,0.0,0.0,0.0
2021-05-17,4131,291,0.07,11350,1400,0.123,0.0,0.0,0.0,0.0,0.0,0.0
2021-05-18,4494,539,0.12,10705,941,0.088,0.0,0.0,0.0,0.0,0.0,0.0
2021-05-19,8307,895,0.108,10651,1895,0.178,0.0,0.0,0.0,0.0,0.0,0.0
2021-05-20,8168,856,0.105,10473,1646,0.157,0.0,0.0,0.0,0.0,0.0,0.0
2021-05-21,14265,932,0.065,20379,2184,0.107,0.0,0.0,0.0,0.0,0.0,0.0
2021-05-22,8669,867,0.1,16501,1834,0.111,0.0,0.0,0.0,0.0,0.0,0.0
2021-05-23,8361,819,0.098,10895,974,0.089,0.0,0.0,0.0,0.0,0.0,0.0
2021-05-24,9341,384,0.0409999999999999,13737,1893,0.138,0.0,0.0,0.0,0.0,0.0,0.0
2021-05-25,13768,617,0.045,19669,2215,0.113,0.0,0.0,0.0,0.0,0.0,0.0
2021-05-26,8524,940,0.11,11620,1189,0.102,0.0,0.0,0.0,0.0,0.0,0.0
2021-05-27,9599,693,0.072,13241,1595,0.12,0.0,0.0,0.0,0.0,0.0,0.0
2021-05-28,13247,807,0.061,18817,2425,0.129,0.0,0.0,0.0,0.0,0.0,0.0
2021-05-29,10573,1064,0.1009999999999999,15193,1890,0.124,0.0,0.0,0.0,0.0,0.0,0.0
2021-05-30,7322,726,0.099,11265,1157,0.103,0.0,0.0,0.0,0.0,0.0,0.0
2021-05-31,6847,519,0.076,15974,2207,0.138,0.0,0.0,0.0,0.0,0.0,0.0
2021-06-01,6917,601,0.087,10325,1303,0.126,0.0,0.0,0.0,0.0,0.0,0.0
2021-06-02,9849,714,0.072,14377,2204,0.153,0.0,0.0,0.0,0.0,0.0,0.0
2021-06-03,14450,906,0.063,20055,2966,0.148,0.0,0.0,0.0,0.0,0.0,0.0
2021-06-04,10605,1317,0.124,14603,2062,0.141,0.0,0.0,0.0,0.0,0.0,0.0
2021-06-05,7625,1019,0.134,13465,2651,0.1969999999999999,0.0,0.0,0.0,0.0,0.0,0.0
2021-06-06,6698,1197,0.179,8921,1340,0.15,0.0,0.0,0.0,0.0,0.0,0.0
2021-06-07,7237,755,0.104,12963,2629,0.203,0.0,0.0,0.0,0.0,0.0,0.0
2021-06-08,11167,1376,0.123,15900,3553,0.223,0.0,0.0,0.0,0.0,0.0,0.0
2021-06-09,12304,2096,0.17,17241,3852,0.223,0.0,0.0,0.0,0.0,0.0,0.0
2021-06-10,13142,2293,0.174,17606,4176,0.237,0.0,0.0,0.0,0.0,0.0,0.0
2021-06-11,13443,2455,0.183,17340,4560,0.263,0.0,0.0,0.0,0.0,0.0,0.0
2021-06-12,11800,2769,0.235,16218,4455,0.275,0.0,0.0,0.0,0.0,0.0,0.0
2021-06-13,11671,2722,0.233,10133,2384,0.235,0.0,0.0,0.0,0.0,0.0,0.0
2021-06-14,8970,1502,0.1669999999999999,14135,4417,0.312,0.0,0.0,0.0,0.0,0.0,0.0
2021-06-15,15269,2376,0.156,21531,7283,0.3379999999999999,0.0,0.0,0.0,0.0,0.0,0.0
2021-06-16,16499,4144,0.251,24032,7730,0.322,0.0,0.0,0.0,0.0,0.0,0.0
2021-06-17,17368,4737,0.273,24183,8222,0.34,0.0,0.0,0.0,0.0,0.0,0.0
2021-06-18,16797,4895,0.291,24029,8346,0.347,2644205.0,1345724.0,0.0,0.0,0.0,0.0
2021-06-19,16636,5582,0.336,18093,7381,0.408,2749208.0,1351050.0,0.0,0.0,0.0,0.0
2021-06-20,15424,5014,0.325,15343,5018,0.327,2789050.0,1351484.0,0.0,0.0,0.0,0.0
2021-06-21,14462,3221,0.223,21086,8291,0.3929999999999999,2804191.0,1351982.0,0.0,0.0,0.0,0.0
2021-06-22,19485,4693,0.241,28071,11787,0.42,2917358.0,1356385.0,0.0,0.0,0.0,0.0
2021-06-23,20460,7505,0.367,26497,10898,0.411,2997505.0,1359535.0,0.0,0.0,0.0,0.0
2021-06-24,20155,6934,0.344,29196,12364,0.423,3157797.0,1363294.0,0.0,0.0,0.0,0.0
2021-06-25,22911,9271,0.405,31858,14904,0.4679999999999999,3288442.0,1367060.0,0.0,0.0,0.0,0.0
2021-06-26,24704,9394,0.38,28287,12832,0.4539999999999999,3422602.0,1372008.0,0.0,0.0,0.0,0.0
2021-06-27,24295,8348,0.344,25003,11005,0.44,3482082.0,1375957.0,0.0,0.0,0.0,0.0
2021-06-28,22046,7379,0.335,26888,12387,0.461,3505132.0,1377641.0,0.0,0.0,0.0,0.0
2021-06-29,22432,7680,0.342,28413,13307,0.4679999999999999,3633085.0,1382389.0,0.0,0.0,0.0,0.0
2021-06-30,21394,7541,0.352,30353,14747,0.486,3765772.0,1384972.0,0.0,0.0,0.0,0.0
2021-07-01,25285,9399,0.372,32813,15502,0.472,3897692.0,1389577.0,682.0,0.0,0.0,0.0
2021-07-02,24478,9702,0.396,34657,17056,0.492,4003127.0,1393841.0,1293.0,0.0,0.0,0.0
2021-07-03,24616,10485,0.426,33897,17509,0.517,4080842.0,1396532.0,1293.0,0.0,0.0,0.0
2021-07-04,27356,10903,0.3989999999999999,25548,12378,0.484,4199487.0,1399996.0,1293.0,0.0,0.0,0.0
2021-07-05,25309,9439,0.373,35796,16617,0.4639999999999999,4215155.0,1400584.0,12962.0,0.0,0.0,0.0
2021-07-06,25453,9366,0.368,42256,21821,0.516,4290114.0,1402830.0,19685.0,0.0,0.0,0.0
2021-07-07,28003,12974,0.4629999999999999,43425,21270,0.49,4436232.0,1407819.0,36724.0,0.0,0.0,0.0
2021-07-08,31847,13112,0.412,44550,21969,0.493,4516412.0,1409848.0,45406.0,0.0,0.0,0.0
2021-07-09,30950,12920,0.417,44914,21149,0.471,4705939.0,1415222.0,82784.0,0.0,0.0,0.0
2021-07-10,35642,13133,0.368,39928,18848,0.472,4735163.0,1415770.0,88505.0,0.0,0.0,0.0
2021-07-11,35376,14619,0.413,30950,13518,0.437,4750013.0,1416212.0,91803.0,0.0,0.0,0.0
2021-07-12,31632,12182,0.385,40088,17049,0.425,4773966.0,1416422.0,92161.0,0.0,0.0,0.0
2021-07-13,43067,12667,0.294,57428,25021,0.436,4839141.0,1417593.0,105317.0,0.0,0.0,0.0
2021-07-14,41734,12691,0.304,53012,23205,0.4379999999999999,5123691.0,1426161.0,178286.0,0.0,0.0,0.0
2021-07-15,41580,12415,0.299,52529,22927,0.436,5236799.0,1430408.0,207980.0,0.0,0.0,0.0
2021-07-16,38512,10168,0.264,48237,19882,0.412,5363627.0,1436764.0,246893.0,5.0,0.0,0.0
2021-07-17,34278,9128,0.266,43385,17322,0.3989999999999999,5488970.0,1447496.0,281431.0,6.0,0.0,0.0
2021-07-18,21828,5000,0.2289999999999999,28653,10795,0.377,5560001.0,1455805.0,294957.0,6.0,0.0,0.0
2021-07-19,30678,6213,0.203,38760,14117,0.364,5605037.0,1461601.0,303459.0,6.0,0.0,0.0
2021-07-20,26083,5904,0.226,32228,13185,0.409,5686856.0,1481072.0,329679.0,8.0,0.0,0.0
2021-07-21,31541,7058,0.2239999999999999,39828,15712,0.3939999999999999,5691911.0,1481366.0,330150.0,8.0,0.0,0.0
2021-07-22,35589,8033,0.226,45234,17280,0.382,5766206.0,1527216.0,357132.0,11.0,0.0,0.0
2021-07-23,32547,8360,0.257,42040,14930,0.355,5849471.0,1583629.0,390876.0,14.0,0.0,0.0
2021-07-24,27435,5393,0.1969999999999999,36462,12720,0.349,5930867.0,1650983.0,421612.0,18.0,0.0,0.0
2021-07-25,24602,2662,0.108,22709,6966,0.307,5985057.0,1681442.0,435641.0,18.0,0.0,0.0
2021-07-26,23979,3567,0.149,30153,9339,0.31,6022346.0,1698448.0,445706.0,22.0,0.0,0.0
2021-07-27,28249,5525,0.196,40117,12117,0.302,6101754.0,1781099.0,477769.0,26.0,0.0,0.0
2021-07-28,25442,3845,0.151,32405,9349,0.289,6187868.0,1870170.0,508387.0,96.0,0.0,0.0
2021-07-29,23582,3454,0.146,30823,8650,0.281,6118730.0,1885908.0,533989.0,194.0,0.0,0.0
2021-07-30,24573,3329,0.135,29646,7869,0.265,6212280.0,2001512.0,558190.0,1112.0,0.0,0.0
2021-07-31,19619,2701,0.138,28178,7516,0.267,6299622.0,2122550.0,577768.0,4343.0,0.0,0.0
2021-08-01,11587,1410,0.122,17321,3843,0.222,6379083.0,2168611.0,588810.0,7104.0,0.0,0.0
2021-08-02,15952,1601,0.1,22649,4823,0.213,6334681.0,2107155.0,594392.0,8536.0,0.0,0.0
2021-08-03,25595,2982,0.1169999999999999,32026,7052,0.22,6447040.0,2219014.0,614881.0,16997.0,0.0,0.0
2021-08-04,21154,2311,0.109,26672,5797,0.217,6543520.0,2322087.0,633600.0,28027.0,0.0,0.0
2021-08-05,20760,2185,0.105,25104,5087,0.203,6535072.0,2394291.0,752299.0,52891.0,0.0,0.0
2021-08-06,20398,2008,0.098,26383,4870,0.185,6599473.0,2416793.0,757059.0,57087.0,0.0,0.0
2021-08-07,17018,1649,0.0969999999999999,24066,4193,0.174,6673037.0,2475741.0,765403.0,70787.0,0.0,0.0
2021-08-08,8155,727,0.089,15585,2503,0.161,6851777.0,2703571.0,765403.0,70787.0,0.0,0.0
2021-08-09,15094,1425,0.094,21854,3799,0.174,6984029.0,2818339.0,765403.0,70787.0,0.0,0.0
2021-08-10,21813,1958,0.09,27847,4789,0.172,7142726.0,2918538.0,725422.0,106412.0,0.0,0.0
2021-08-11,14615,1078,0.074,20956,2765,0.132,7225616.0,3005119.0,732354.0,131156.0,0.0,0.0
2021-08-12,15419,1210,0.078,22829,3098,0.136,7270906.0,3035920.0,734790.0,136143.0,0.0,0.0
2021-08-13,16144,1363,0.084,24202,3351,0.138,7350823.0,3178051.0,742027.0,177991.0,0.0,0.0
2021-08-14,14374,1182,0.0819999999999999,23307,3156,0.135,7431863.0,3307968.0,748955.0,218708.0,0.0,0.0
2021-08-15,6076,513,0.084,14224,1606,0.113,7494173.0,3370268.0,751000.0,234156.0,0.0,0.0
2021-08-16,11663,655,0.0559999999999999,20685,2186,0.106,7543837.0,3409626.0,752541.0,244213.0,0.0,0.0
2021-08-17,12623,1029,0.0819999999999999,19340,2435,0.126,7620385.0,3503040.0,756504.0,273103.0,0.0,0.0
2021-08-18,11136,731,0.066,17925,1924,0.107,7658754.0,3514253.0,757387.0,275918.0,0.0,0.0
2021-08-19,11742,969,0.083,20450,2462,0.12,7701823.0,3599711.0,761958.0,301245.0,0.0,0.0
2021-08-20,13518,891,0.066,18883,2236,0.118,7741075.0,3685898.0,765903.0,330973.0,0.0,0.0
2021-08-21,11555,701,0.061,17607,1654,0.094,7771668.0,3747306.0,768352.0,351843.0,0.0,0.0
2021-08-22,8317,485,0.0579999999999999,12792,1086,0.085,7799770.0,3809344.0,771149.0,370984.0,0.0,0.0
2021-08-23,9206,484,0.053,15483,1374,0.089,7811409.0,3834944.0,772052.0,379228.0,0.0,0.0
2021-08-24,15471,789,0.051,22467,1943,0.086,7852020.0,3906729.0,775292.0,404818.0,0.0,0.0
2021-08-25,12823,574,0.045,18377,1466,0.08,7895380.0,3981825.0,778684.0,437322.0,0.0,0.0
2021-08-26,16879,638,0.038,20776,1662,0.08,7938495.0,4065478.0,781906.0,461034.0,0.0,0.0
2021-08-27,14187,468,0.033,17462,1282,0.073,7977764.0,4157309.0,789341.0,487583.0,0.0,0.0
2021-08-28,14584,474,0.033,18696,1233,0.066,8037256.0,4293536.0,795882.0,521016.0,0.0,0.0
2021-08-29,8657,341,0.039,11784,712,0.06,8043774.0,4307721.0,796366.0,522838.0,0.0,0.0
2021-08-30,16231,399,0.025,18427,1030,0.0559999999999999,8044296.0,4308116.0,796414.0,522883.0,0.0,0.0
2021-08-31,18231,673,0.037,21743,1107,0.051,8097627.0,4433127.0,801262.0,551409.0,0.0,0.0
2021-09-01,13941,430,0.031,19460,1108,0.057,8138388.0,4527920.0,804832.0,571924.0,0.0,0.0
2021-09-02,13431,343,0.026,19352,1023,0.053,8169924.0,4621305.0,808064.0,587883.0,0.0,0.0
2021-09-03,14685,360,0.025,19476,863,0.044,8212069.0,4738341.0,811771.0,602021.0,0.0,0.0
2021-09-04,12141,303,0.025,18651,773,0.0409999999999999,8252238.0,4864036.0,815154.0,611140.0,0.0,0.0
2021-09-05,11183,217,0.019,12795,503,0.039,8273616.0,4897822.0,816620.0,613954.0,0.0,0.0
2021-09-06,13151,262,0.02,17414,664,0.038,8283494.0,4916996.0,817278.0,615620.0,0.0,0.0
2021-09-07,19121,428,0.022,22563,894,0.04,8314207.0,5033296.0,820123.0,623655.0,0.0,0.0
2021-09-08,18285,308,0.017,19871,703,0.035,8347197.0,5146974.0,823181.0,632366.0,0.0,0.0
2021-09-09,18047,261,0.0139999999999999,18575,668,0.036,8375657.0,5252664.0,825469.0,638063.0,0.0,0.0
2021-09-10,17209,268,0.016,20438,570,0.0279999999999999,8387886.0,5361352.0,840097.0,650667.0,0.0,0.0
2021-09-11,19577,306,0.016,21077,622,0.03,8424923.0,5501872.0,842790.0,658763.0,0.0,0.0
2021-09-12,13840,187,0.0139999999999999,16197,364,0.022,8429672.0,5520266.0,842995.0,659983.0,0.0,0.0
2021-09-13,15592,190,0.012,17350,450,0.026,8436195.0,5538452.0,843255.0,661120.0,0.0,0.0
2021-09-14,20532,305,0.015,23506,628,0.027,8462360.0,5643514.0,844664.0,666422.0,0.0,0.0
2021-09-15,16660,176,0.011,19147,399,0.021,8479585.0,5731323.0,845896.0,669225.0,0.0,0.0
2021-09-16,14910,206,0.0139999999999999,17095,423,0.025,8503700.0,5828721.0,846707.0,674290.0,0.0,0.0
2021-09-17,17660,200,0.011,19859,402,0.02,8519609.0,5861664.0,847980.0,675640.0,0.0,0.0
2021-09-18,17459,155,0.009,19023,335,0.018,8548891.0,5958627.0,850446.0,680134.0,0.0,0.0
2021-09-19,12877,91,0.0069999999999999,14005,201,0.0139999999999999,8559111.0,6003489.0,850780.0,684296.0,0.0,0.0
2021-09-20,13769,106,0.008,16223,308,0.019,8568213.0,6017353.0,851437.0,685277.0,0.0,0.0
2021-09-21,19402,227,0.012,21565,476,0.022,8578214.0,6020278.0,852367.0,685425.0,0.0,0.0
2021-09-22,18376,165,0.009,20488,382,0.019,8610501.0,6082796.0,853858.0,689423.0,0.0,0.0
2021-09-23,18526,181,0.01,19502,388,0.02,8627107.0,6103681.0,854774.0,690122.0,0.0,0.0
2021-09-24,17438,133,0.008,19473,272,0.0139999999999999,8652295.0,6158656.0,856235.0,695694.0,0.0,0.0
2021-09-25,18351,168,0.009,19134,326,0.017,8669510.0,6193303.0,857047.0,699006.0,0.0,0.0
2021-09-26,13724,103,0.008,14471,186,0.013,8684485.0,6212849.0,857584.0,701071.0,0.0,0.0
2021-09-27,13943,104,0.0069999999999999,15763,271,0.017,8696789.0,6226873.0,858832.0,702537.0,0.0,0.0
2021-09-28,18523,177,0.01,21048,265,0.013,8857633.0,6374812.0,860373.0,705949.0,0.0,0.0
2021-09-29,17365,149,0.009,19489,317,0.016,8877504.0,6401921.0,861953.0,709772.0,0.0,0.0
2021-09-30,18240,151,0.008,20271,285,0.0139999999999999,8896019.0,6422777.0,863287.0,712648.0,0.0,0.0
2021-10-01,18445,155,0.008,20720,271,0.013,8912387.0,6444035.0,864702.0,715514.0,0.0,0.0
2021-10-02,17832,127,0.0069999999999999,19128,245,0.013,8929542.0,6466007.0,866409.0,718182.0,0.0,0.0
2021-10-03,13384,149,0.011,14574,227,0.016,8937642.0,6472594.0,867075.0,718986.0,0.0,0.0
2021-10-04,12844,72,0.006,18181,180,0.01,8941506.0,6476332.0,867457.0,719475.0,0.0,0.0
2021-10-05,21780,203,0.009,23718,351,0.015,8959830.0,6496949.0,869231.0,721961.0,0.0,0.0
2021-10-06,18395,149,0.008,21680,254,0.012,8975394.0,6512170.0,870705.0,723595.0,0.0,0.0
2021-10-07,19404,150,0.008,21329,263,0.012,8992835.0,6535002.0,872377.0,726243.0,0.0,0.0
2021-10-08,17794,100,0.006,20247,208,0.01,9015656.0,6552991.0,874139.0,727953.0,0.0,0.0
2021-10-09,18605,140,0.008,21640,217,0.01,9032688.0,6583721.0,875754.0,732032.0,0.0,0.0
2021-10-10,12260,41,0.003,14450,87,0.006,9040715.0,6591187.0,876429.0,732722.0,0.0,0.0
2021-10-11,16889,143,0.008,18190,204,0.011,9061045.0,6620543.0,878625.0,737989.0,0.0,0.0
2021-10-12,21231,278,0.013,23991,335,0.0139999999999999,9077492.0,6642282.0,880120.0,740091.0,0.0,0.0
2021-10-13,17864,113,0.006,20074,188,0.009,9095622.0,6660497.0,881588.0,741499.0,0.0,0.0
2021-10-14,20351,124,0.006,22365,210,0.009,9111131.0,6689613.0,882787.0,744174.0,0.0,0.0
2021-10-15,22549,154,0.0069999999999999,25348,225,0.009,9136312.0,6720482.0,884384.0,746626.0,0.0,0.0
2021-10-16,21227,131,0.006,22586,229,0.01,9152999.0,6746789.0,884384.0,746626.0,0.0,0.0
2021-10-17,14349,107,0.0069999999999999,16191,123,0.008,9159791.0,6760451.0,884384.0,746626.0,0.0,0.0
2021-10-18,14429,106,0.0069999999999999,16992,171,0.01,9163461.0,6767198.0,884384.0,746626.0,0.0,0.0
2021-10-19,22453,103,0.005,24416,185,0.008,9176974.0,6790282.0,884384.0,746626.0,0.0,0.0
2021-10-20,21758,89,0.004,24736,161,0.0069999999999999,9176974.0,6790282.0,884384.0,746626.0,0.0,0.0
2021-10-21,20511,83,0.004,22506,123,0.005,9191598.0,6814247.0,884384.0,746626.0,0.0,0.0
2021-10-22,23401,116,0.005,26647,197,0.0069999999999999,9202922.0,6833040.0,884384.0,746626.0,0.0,0.0
2021-10-23,23593,131,0.006,26873,205,0.008,9222224.0,6871598.0,884384.0,746626.0,0.0,0.0
2021-10-24,20235,82,0.004,22284,127,0.006,9228270.0,6880033.0,884384.0,746626.0,0.0,0.0
2021-10-25,19306,37,0.002,21850,98,0.004,9231936.0,6883616.0,884384.0,746626.0,0.0,0.0
2021-10-26,25232,105,0.004,27576,168,0.006,9246743.0,6912556.0,884384.0,746626.0,0.0,0.0
2021-10-27,26464,131,0.005,31481,200,0.006,9256195.0,6929872.0,884384.0,746626.0,0.0,0.0
2021-10-28,25283,96,0.004,28270,156,0.006,9265920.0,6952360.0,884384.0,746626.0,0.0,0.0
2021-10-29,24574,96,0.004,26660,151,0.006,9271776.0,6962311.0,884384.0,746626.0,0.0,0.0
2021-10-30,25218,113,0.004,27304,137,0.005,9289943.0,7006498.0,884384.0,746626.0,0.0,0.0
2021-10-31,17331,83,0.005,19474,124,0.006,9293588.0,7012771.0,884384.0,746626.0,0.0,0.0
2021-11-01,19417,77,0.004,22540,126,0.006,9295810.0,7018713.0,884384.0,746626.0,0.0,0.0
2021-11-02,26076,132,0.005,28096,179,0.006,9305350.0,7041487.0,884384.0,746626.0,0.0,0.0
2021-11-03,23477,111,0.005,25542,164,0.006,9316402.0,7071814.0,884384.0,746626.0,0.0,0.0
2021-11-04,19214,119,0.006,21591,163,0.008,9327307.0,7099287.0,884384.0,746626.0,0.0,0.0
2021-11-05,18245,69,0.004,20434,115,0.006,9334630.0,7115893.0,887162.0,759071.0,0.0,0.0
2021-11-06,16615,117,0.0069999999999999,18886,153,0.008,9342642.0,7141029.0,887606.0,760513.0,0.0,0.0
2021-11-07,9511,29,0.003,11733,52,0.004,9338737.0,7144783.0,895474.0,765531.0,0.0,0.0
2021-11-08,14697,94,0.006,16943,118,0.0069999999999999,9340267.0,7148829.0,895565.0,765717.0,0.0,0.0
2021-11-09,17374,95,0.005,20087,115,0.006,9352827.0,7175509.0,896292.0,766928.0,0.0,0.0
2021-11-10,17264,107,0.006,19736,154,0.008,9355477.0,7195690.0,902247.0,768167.0,0.0,0.0
2021-11-11,15336,71,0.005,16516,122,0.0069999999999999,9358592.0,7195782.0,902251.0,768169.0,0.0,0.0
2021-11-12,15674,54,0.003,17092,88,0.005,9363902.0,7216319.0,902482.0,768835.0,0.0,0.0
2021-11-13,17445,92,0.005,19402,126,0.006,9378120.0,7274578.0,903385.0,771742.0,0.0,0.0
2021-11-14,9564,36,0.004,11752,50,0.004,9379878.0,7283646.0,903467.0,772210.0,0.0,0.0
2021-11-15,11402,79,0.0069999999999999,13361,60,0.004,9381183.0,7287452.0,903509.0,772401.0,0.0,0.0
2021-11-16,15629,130,0.008,17761,142,0.008,9389357.0,7316398.0,903418.0,773577.0,0.0,0.0
2021-11-17,17131,100,0.006,19361,109,0.006,9397127.0,7343433.0,903809.0,774860.0,0.0,0.0
2021-11-18,16614,97,0.006,18539,119,0.006,9061166.0,7106036.0,1209101.0,993347.0,0.0,0.0
2021-11-19,14882,114,0.008,16985,116,0.0069999999999999,9067479.0,7125174.0,1209317.0,994447.0,0.0,0.0
2021-11-20,16109,111,0.0069999999999999,17138,121,0.0069999999999999,8903250.0,7033669.0,1375280.0,1130401.0,0.0,0.0
2021-11-21,10428,26,0.002,12565,46,0.004,8904881.0,7040860.0,1375465.0,1131028.0,0.0,0.0
2021-11-22,14261,69,0.005,15336,98,0.006,8905994.0,7044283.0,1375589.0,1131366.0,0.0,0.0
2021-11-23,16878,82,0.005,19011,109,0.006,8913048.0,7098829.0,1376309.0,1133199.0,0.0,0.0
2021-11-24,15369,54,0.004,17077,91,0.005,8920752.0,7092572.0,1377170.0,1135221.0,0.0,0.0
2021-11-25,15137,70,0.005,16454,82,0.005,8928621.0,7118742.0,1377790.0,1136853.0,0.0,0.0
2021-11-26,15116,54,0.004,16267,76,0.005,8933226.0,7132186.0,1377790.0,1136853.0,0.0,0.0
2021-11-27,12527,51,0.004,13940,60,0.004,8938837.0,7141147.0,1377790.0,1136853.0,0.0,0.0
2021-11-28,12196,41,0.003,13278,62,0.005,8940549.0,7159744.0,1377790.0,1136853.0,0.0,0.0
2021-11-29,12551,44,0.004,15141,117,0.008,8941919.0,7164501.0,1377790.0,1136853.0,0.0,0.0
2021-11-30,16423,70,0.004,19071,124,0.0069999999999999,8948364.0,7185882.0,1377790.0,1136853.0,0.0,0.0
2021-12-01,15289,28,0.002,16684,42,0.003,8954400.0,7204141.0,1377790.0,1136853.0,0.0,0.0
2021-12-02,14524,42,0.003,16879,85,0.005,8959817.0,7219189.0,1377790.0,1136853.0,0.0,0.0
2021-12-03,13796,48,0.003,15523,60,0.004,8965496.0,7234744.0,1377790.0,1136853.0,0.0,0.0
2021-12-04,15314,43,0.003,16150,61,0.004,8971115.0,7251171.0,1377790.0,1136853.0,0.0,0.0
2021-12-05,7787,14,0.002,9858,24,0.002,8972382.0,7254780.0,1377790.0,1136853.0,0.0,0.0
2021-12-06,9519,31,0.003,12269,52,0.004,8972997.0,7255706.0,1377790.0,1136853.0,0.0,0.0
2021-12-07,17151,41,0.002,19176,71,0.004,8978238.0,7269612.0,1377790.0,1136853.0,0.0,0.0
2021-12-08,14679,36,0.002,16696,69,0.004,8981171.0,7276358.0,1377790.0,1136853.0,0.0,0.0
2021-12-09,13320,26,0.002,14803,44,0.003,8986091.0,7289280.0,1377790.0,1136853.0,0.0,0.0
2021-12-10,15304,32,0.002,17009,55,0.003,8991118.0,7301771.0,1377790.0,1136853.0,0.0,0.0
2021-12-11,14197,32,0.002,15121,50,0.003,8997647.0,7314670.0,1377790.0,1136853.0,0.0,0.0
2021-12-12,11401,16,0.001,12553,30,0.002,8999064.0,7317506.0,1377790.0,1136853.0,0.0,0.0
2021-12-13,10130,20,0.002,11630,39,0.003,8999850.0,7318858.0,1377790.0,1136853.0,0.0,0.0
2021-12-14,14367,23,0.002,15458,33,0.002,9004960.0,7328509.0,1377790.0,1136853.0,0.0,0.0
2021-12-15,16251,40,0.002,17664,52,0.003,9020158.0,7339713.0,1377790.0,1136853.0,0.0,0.0
2021-12-16,18257,38,0.002,19421,58,0.003,9057264.0,7348964.0,1377790.0,1136853.0,0.0,0.0
2021-12-17,15379,74,0.005,17477,76,0.004,9101681.0,7358187.0,1377790.0,1136853.0,0.0,0.0
2021-12-18,15153,43,0.003,16293,98,0.006,9149366.0,7367092.0,1377790.0,1136853.0,0.0,0.0
2021-12-19,12587,38,0.003,13986,60,0.004,9153664.0,7369384.0,1377790.0,1136853.0,0.0,0.0
2021-12-20,15269,55,0.004,16073,64,0.004,9030440.0,7369748.0,1377790.0,1136853.0,123843.0,19.0
2021-12-21,15054,43,0.003,16363,59,0.004,9036823.0,7378405.0,1377790.0,1136853.0,176031.0,21.0
2021-12-22,15079,16,0.001,15873,26,0.002,9040929.0,7385249.0,1377790.0,1136853.0,200171.0,21.0
2021-12-23,14203,69,0.005,15336,100,0.0069999999999999,9049119.0,7395701.0,1377790.0,1136853.0,267889.0,26.0
2021-12-24,14223,80,0.006,15339,151,0.01,9056776.0,7405159.0,1377790.0,1136853.0,323229.0,32.0
2021-12-25,10342,47,0.005,11524,68,0.006,9064306.0,7413440.0,1377790.0,1136853.0,375689.0,41.0
2021-12-26,9549,42,0.004,10523,46,0.004,9064938.0,7414093.0,1377790.0,1136853.0,377046.0,50.0
2021-12-27,12038,96,0.008,12344,103,0.008,9065642.0,7415274.0,1377790.0,1136853.0,378702.0,55.0
2021-12-28,14302,27,0.002,15892,133,0.008,9071083.0,7424593.0,1377790.0,1136853.0,408470.0,62.0
2021-12-29,11109,53,0.005,12344,82,0.0069999999999999,9079226.0,7434284.0,1377790.0,1136853.0,462286.0,73.0
2021-12-30,11608,87,0.0069999999999999,12898,90,0.0069999999999999,9085631.0,7443104.0,1377790.0,1136853.0,498082.0,73.0
2021-12-31,13075,118,0.009,13764,118,0.009,9092273.0,7451648.0,1377790.0,1136853.0,534432.0,73.0
2022-01-01,9458,103,0.011,10394,119,0.011,9097628.0,7458693.0,1377790.0,1136853.0,559492.0,73.0
2022-01-02,9521,172,0.018,10023,177,0.018,9097984.0,7459209.0,1377790.0,1136853.0,560515.0,73.0
2022-01-03,11419,115,0.01,12021,133,0.011,9098399.0,7459472.0,1377790.0,1136853.0,561669.0,73.0
2022-01-04,13289,259,0.019,14766,308,0.021,9102735.0,7465304.0,1377790.0,1136853.0,582514.0,73.0
2022-01-05,13027,267,0.02,13093,269,0.021,9105287.0,7466815.0,1377790.0,1136853.0,605051.0,73.0
2022-01-06,13259,300,0.023,14258,592,0.042,9111105.0,7476485.0,1377790.0,1136853.0,629037.0,73.0
2022-01-07,12711,278,0.022,12971,258,0.02,9115451.0,7482136.0,1377790.0,1136853.0,651224.0,73.0
2022-01-08,14858,393,0.026,15641,398,0.025,9119200.0,7487935.0,1377790.0,1136853.0,671416.0,73.0
2022-01-09,11292,360,0.032,11523,365,0.032,9120508.0,7489541.0,1377790.0,1136853.0,678384.0,73.0
2022-01-10,13106,537,0.0409999999999999,13512,549,0.0409999999999999,9121410.0,7490237.0,1377790.0,1136853.0,683131.0,73.0
2022-01-11,13965,412,0.03,14251,460,0.032,9125463.0,7495635.0,1377790.0,1136853.0,699176.0,73.0
2022-01-12,13820,478,0.035,14396,483,0.034,9125559.0,7495825.0,1377790.0,1136853.0,699983.0,73.0
2022-01-13,18143,554,0.031,18327,570,0.031,9132827.0,7507811.0,1377790.0,1136853.0,729081.0,73.0
2022-01-14,18046,720,0.04,18137,763,0.042,9135714.0,7514091.0,1377790.0,1136853.0,740672.0,73.0
2022-01-15,17748,566,0.032,18111,571,0.032,9138829.0,7520444.0,1377790.0,1136853.0,749204.0,73.0
2022-01-16,12741,493,0.039,13701,572,0.042,9139652.0,7521445.0,1377790.0,1136853.0,753235.0,88817.0
2022-01-17,13605,670,0.049,14322,1205,0.084,9141323.0,7523431.0,1377790.0,1136853.0,756143.0,90579.0
2022-01-18,17249,1012,0.059,17425,1070,0.061,9143766.0,7529830.0,1377790.0,1136853.0,761507.0,128400.0
2022-01-19,19560,1155,0.059,19758,1350,0.068,9150202.0,7580660.0,1377790.0,1136853.0,761507.0,128400.0
2022-01-20,21643,1484,0.069,22085,1692,0.077,9148175.0,7543615.0,1377790.0,1136853.0,769900.0,216053.0
2022-01-21,22117,1825,0.083,23282,2146,0.092,9150949.0,7552203.0,1377790.0,1136853.0,773934.0,259751.0
2022-01-22,19130,1739,0.091,19722,2022,0.103,9153247.0,7559575.0,1377790.0,1136853.0,777266.0,293081.0
2022-01-23,18113,1993,0.11,18868,2176,0.115,9153955.0,7561025.0,1377790.0,1136853.0,777982.0,294361.0
2022-01-24,19533,2190,0.1119999999999999,20562,3130,0.152,9154174.0,7561232.0,1377790.0,1136853.0,778145.0,294623.0
2022-01-25,27395,3509,0.128,29458,5087,0.173,9156771.0,7568874.0,1377790.0,1136853.0,781342.0,331580.0
2022-01-26,29894,4149,0.139,32494,6086,0.187,9158922.0,7576468.0,1377790.0,1136853.0,784332.0,364546.0
2022-01-27,31120,4558,0.146,33463,6184,0.185,9160847.0,7583616.0,1377790.0,1136853.0,787066.0,394840.0
2022-01-28,34609,5765,0.1669999999999999,37215,7953,0.214,9163089.0,7591219.0,1377790.0,1136853.0,789566.0,423326.0
2022-01-29,37417,6613,0.177,39387,7905,0.201,9164445.0,7595730.0,1377790.0,1136853.0,791352.0,441576.0
2022-01-30,29951,5268,0.176,31546,6820,0.216,9166036.0,7600119.0,1377790.0,1136853.0,791992.0,448149.0
2022-01-31,35683,6391,0.179,38369,9821,0.256,9166084.0,7600219.0,1377790.0,1136853.0,792043.0,448191.0
2022-02-01,42329,9132,0.216,45516,12196,0.268,9169795.0,7609758.0,1377790.0,1136853.0,792400.0,464526.0
2022-02-02,48365,10317,0.213,58272,17336,0.298,9170076.0,7610398.0,1377790.0,1136853.0,792468.0,464680.0
2022-02-03,55471,13179,0.238,67648,21881,0.3229999999999999,9171503.0,7618017.0,1377790.0,1136853.0,793798.0,482522.0
2022-02-04,59293,12774,0.215,70587,22158,0.314,9175780.0,7627321.0,1377790.0,1136853.0,793798.0,499111.0
2022-02-05,60406,15825,0.262,73666,28220,0.3829999999999999,9178974.0,7635830.0,1377790.0,1136853.0,793798.0,513700.0
2022-02-06,53369,12682,0.238,62788,21938,0.349,9180042.0,7637717.0,1377790.0,1136853.0,793798.0,515333.0
2022-02-07,47982,10817,0.225,57810,20132,0.348,9180196.0,7637751.0,1377790.0,1136853.0,793798.0,515333.0
2022-02-08,55262,14353,0.26,69953,27874,0.3979999999999999,9182930.0,7646014.0,1377790.0,1136853.0,793798.0,529767.0
2022-02-09,43363,11090,0.256,53535,20373,0.381,9185071.0,7652165.0,1377790.0,1136853.0,793798.0,540603.0
2022-02-10,60664,10707,0.176,86663,33810,0.39,9187919.0,7655510.0,1377790.0,1136853.0,793798.0,555495.0
2022-02-11,48831,12417,0.254,62604,25131,0.401,9188065.0,7657555.0,1377790.0,1136853.0,796359.0,570762.0
2022-02-12,57063,10172,0.178,77427,30508,0.3939999999999999,9182802.0,7656387.0,1377790.0,1136853.0,803543.0,586680.0
2022-02-13,47037,10275,0.218,59921,22800,0.381,9183874.0,7658141.0,1377790.0,1136853.0,803646.0,588456.0
2022-02-14,45132,9482,0.21,58236,22109,0.38,9184116.0,7658854.0,1377790.0,1136853.0,803675.0,588757.0
2022-02-15,56203,12388,0.22,74938,29060,0.3879999999999999,9186372.0,7663759.0,1377790.0,1136853.0,803880.0,594298.0
2022-02-16,58034,8536,0.147,81880,31866,0.389,9187614.0,7668359.0,1377790.0,1136853.0,805316.0,601493.0
2022-02-17,57003,8189,0.144,77504,28622,0.369,9189974.0,7674018.0,1377790.0,1136853.0,805354.0,606560.0
2022-02-18,53128,9453,0.178,65665,21918,0.3339999999999999,9410445.0,7893568.0,1377790.0,1136853.0,806769.0,612681.0
2022-02-19,50715,8136,0.16,61848,19011,0.307,9411191.0,7897435.0,1377790.0,1136853.0,808205.0,618155.0
2022-02-20,42099,5358,0.127,50722,13463,0.265,9411710.0,7897438.0,1377790.0,1136853.0,808374.0,619009.0
2022-02-21,41144,5208,0.127,51431,14580,0.283,9411555.0,7897136.0,1377790.0,1136853.0,808786.0,619497.0
2022-02-22,53089,7295,0.1369999999999999,65301,19341,0.296,9412684.0,7901630.0,1377790.0,1136853.0,809365.0,623249.0
2022-02-23,42656,6855,0.161,52020,15598,0.3,9415384.0,7907224.0,1377790.0,1136853.0,809365.0,627090.0
2022-02-24,40395,4524,0.1119999999999999,51789,15838,0.306,9417332.0,7912553.0,1377790.0,1136853.0,809484.0,629933.0
2022-02-25,40636,4675,0.115,49557,13132,0.265,9418227.0,7917081.0,1377790.0,1136853.0,810628.0,634251.0
2022-02-26,36117,3957,0.11,44046,11418,0.259,9419268.0,7920925.0,1377790.0,1136853.0,811028.0,637429.0
2022-02-27,33599,7300,0.217,35368,8509,0.241,9419288.0,7920936.0,1377790.0,1136853.0,811029.0,637433.0
2022-02-28,28529,3634,0.127,32420,7005,0.216,9419309.0,7920727.0,1377790.0,1136853.0,811460.0,638270.0
2022-03-01,34276,4196,0.122,39398,8655,0.22,9420127.0,7923161.0,1377790.0,1136853.0,811840.0,639355.0
2022-03-02,35101,4669,0.133,40816,9743,0.239,9420159.0,7923249.0,1377790.0,1136853.0,811845.0,639369.0
2022-03-03,29509,3727,0.126,33533,7436,0.222,9422584.0,7929013.0,1377790.0,1136853.0,811845.0,644126.0
2022-03-04,27599,3059,0.111,31011,6221,0.201,9424519.0,7929542.0,1377790.0,1136853.0,812611.0,644264.0
2022-03-05,30686,3669,0.12,34871,7679,0.22,9426473.0,7932737.0,1377790.0,1136853.0,812919.0,646990.0
2022-03-06,27104,2693,0.099,30116,5447,0.181,9426946.0,7932231.0,1377790.0,1136853.0,813024.0,647496.0
2022-03-07,26370,3569,0.135,29966,6364,0.212,9427169.0,7932149.0,1377790.0,1136853.0,813053.0,647578.0
2022-03-08,30159,3872,0.128,33142,6501,0.196,9428766.0,7933100.0,1377790.0,1136853.0,813308.0,649151.0
2022-03-09,27247,3546,0.13,30275,5818,0.192,9429356.0,7937490.0,1377790.0,1136853.0,813672.0,651054.0
2022-03-10,22414,2548,0.114,25764,5373,0.209,9429879.0,7941823.0,1377790.0,1136853.0,814092.0,652965.0
2022-03-11,22022,2105,0.096,25313,4755,0.188,9434116.0,7944749.0,1377790.0,1136853.0,814526.0,654375.0
2022-03-12,19114,1874,0.098,21238,3993,0.188,9435159.0,7947154.0,1377790.0,1136853.0,815812.0,656545.0
2022-03-13,16622,1307,0.079,18677,3106,0.166,9437013.0,7959359.0,1377790.0,1136853.0,816043.0,656969.0
2022-03-14,19683,1571,0.08,21877,3468,0.159,9437727.0,7959794.0,1377790.0,1136853.0,816093.0,657052.0
2022-03-15,21044,1706,0.081,23383,3951,0.1689999999999999,9437727.0,7960447.0,1377790.0,1136853.0,816093.0,657575.0
2022-03-16,18493,1583,0.086,20548,3556,0.173,9444307.0,7964220.0,1377790.0,1136853.0,817743.0,659671.0
2022-03-17,17927,1516,0.085,19700,3088,0.157,9447003.0,7967385.0,1377790.0,1136853.0,818154.0,660973.0
2022-03-18,17820,1485,0.083,19370,2723,0.141,9449284.0,7970957.0,1377790.0,1136853.0,818609.0,662726.0
2022-03-19,16376,1167,0.071,18196,2506,0.138,9450909.0,7972259.0,1377790.0,1136853.0,819020.0,663594.0
2022-03-20,12582,862,0.069,13981,1871,0.134,9451954.0,7972484.0,1377790.0,1136853.0,819199.0,663870.0
2022-03-21,14202,1012,0.071,15780,2365,0.15,9451855.0,7971520.0,1377790.0,1136853.0,819298.0,665176.0
2022-03-22,16299,1235,0.076,18110,2398,0.132,9456509.0,7987734.0,1377790.0,1136853.0,819802.0,669347.0
2022-03-23,16179,1067,0.066,18078,2124,0.1169999999999999,9457380.0,7990169.0,1377790.0,1136853.0,820114.0,670148.0
2022-03-24,15095,890,0.059,16773,1996,0.119,9457860.0,7990699.0,1377790.0,1136853.0,820400.0,670492.0
2022-03-25,14589,796,0.055,16211,1686,0.104,9457517.0,7991166.0,1377790.0,1136853.0,820743.0,671390.0
2022-03-26,12093,594,0.049,14228,1477,0.104,9457189.0,8001200.0,1377790.0,1136853.0,821071.0,675079.0
2022-03-27,8676,573,0.066,9640,1214,0.126,9457025.0,8001803.0,1377790.0,1136853.0,821235.0,675827.0
2022-03-28,12361,742,0.06,13735,1503,0.109,9458051.0,8002966.0,1377790.0,1136853.0,821483.0,676235.0
2022-03-29,14185,901,0.064,15468,1696,0.11,9462482.0,8010120.0,1377790.0,1136853.0,821914.0,677807.0
2022-03-30,14238,729,0.051,15821,1447,0.091,9471023.0,8014834.0,1377790.0,1136853.0,822328.0,679181.0
2022-03-31,14543,641,0.044,16164,1320,0.0819999999999999,9473826.0,8018731.0,1377790.0,1136853.0,822760.0,680193.0
2022-04-01,12871,633,0.049,14145,1272,0.09,9473758.0,8020603.0,1377790.0,1136853.0,823109.0,681662.0
2022-04-02,12097,612,0.051,13442,1294,0.096,9479135.0,8026664.0,1377790.0,1136853.0,823558.0,683052.0
2022-04-03,9646,488,0.051,10485,971,0.093,9479113.0,8027462.0,1377790.0,1136853.0,823580.0,683575.0
2022-04-04,11329,568,0.05,12578,1154,0.092,9479113.0,8027405.0,1377790.0,1136853.0,823580.0,683800.0
2022-04-05,12203,753,0.062,13122,1102,0.084,9480794.0,8031443.0,1377790.0,1136853.0,823768.0,684007.0
2022-04-06,10421,674,0.065,11790,1051,0.089,9483984.0,8036084.0,1377790.0,1136853.0,824291.0,685272.0
2022-04-07,10469,592,0.057,11897,982,0.083,9485976.0,8037289.0,1377790.0,1136853.0,824562.0,685570.0
2022-04-08,9047,450,0.05,10719,931,0.087,9488146.0,8040651.0,1377790.0,1136853.0,824866.0,686346.0
2022-04-09,9364,370,0.04,11575,771,0.067,9490479.0,8043787.0,1377790.0,1136853.0,825148.0,687036.0
2022-04-10,7261,312,0.043,8707,672,0.077,9491719.0,8059292.0,1377790.0,1136853.0,825302.0,687361.0
2022-04-11,7993,355,0.044,9867,747,0.076,9492406.0,8060506.0,1377790.0,1136853.0,825481.0,687650.0
2022-04-12,9871,399,0.04,12262,742,0.061,9494681.0,8063566.0,1377790.0,1136853.0,825744.0,688360.0
2022-04-13,8859,372,0.042,11063,697,0.063,9496297.0,8064998.0,1377790.0,1136853.0,826019.0,688825.0
2022-04-14,8205,310,0.038,10262,575,0.0559999999999999,9500290.0,8068384.0,1377790.0,1136853.0,826307.0,689736.0
2022-04-15,5983,193,0.032,7857,427,0.054,9503261.0,8070861.0,1377790.0,1136853.0,826647.0,690450.0
2022-04-16,6496,195,0.03,8120,435,0.054,9504162.0,8074061.0,1377790.0,1136853.0,826650.0,690694.0
2022-04-17,6279,170,0.027,8178,442,0.054,9505947.0,8077099.0,1377790.0,1136853.0,826769.0,691039.0
2022-04-18,7253,179,0.025,9548,373,0.039,9506936.0,8078511.0,1377790.0,1136853.0,827016.0,691307.0
2022-04-19,9645,231,0.024,11729,404,0.034,9508849.0,8082618.0,1377790.0,1136853.0,827290.0,692055.0
2022-04-20,7843,159,0.02,9748,301,0.031,9511613.0,8085116.0,1377790.0,1136853.0,827609.0,692645.0
2022-04-21,8643,215,0.025,10843,386,0.036,9512662.0,8086232.0,1377790.0,1136853.0,827950.0,693290.0
2022-04-22,7871,172,0.022,9841,308,0.031,9513370.0,8090503.0,1377790.0,1136853.0,828236.0,694013.0
2022-04-23,7439,135,0.018,9831,225,0.023,9515376.0,8091672.0,1377790.0,1136853.0,828517.0,694338.0
2022-04-24,5214,101,0.019,7743,231,0.03,9517034.0,8092480.0,1377790.0,1136853.0,828695.0,694530.0
2022-04-25,7819,199,0.025,9537,345,0.036,9518471.0,8092790.0,1377790.0,1136853.0,828752.0,694593.0
2022-04-26,7902,130,0.016,10405,239,0.023,9519852.0,8095424.0,1377790.0,1136853.0,829018.0,695246.0
2022-04-27,8273,113,0.0139999999999999,10591,201,0.019,9520604.0,8099558.0,1377790.0,1136853.0,829250.0,696419.0
2022-04-28,6817,126,0.018,8525,234,0.027,9520389.0,8103593.0,1377790.0,1136853.0,829408.0,697141.0
2022-04-29,6745,151,0.022,8123,231,0.0279999999999999,9520136.0,8106001.0,1377790.0,1136853.0,829612.0,697733.0
2022-04-30,3739,81,0.022,5761,169,0.0289999999999999,9520017.0,8105901.0,1377790.0,1136853.0,829731.0,697833.0
2022-05-01,3341,88,0.026,4476,148,0.033,9519955.0,8105812.0,1377790.0,1136853.0,829793.0,697922.0
2022-05-02,1368,40,0.0289999999999999,1972,66,0.033,9519921.0,8107879.0,1377790.0,1136853.0,829827.0,698386.0
2022-05-03,2310,62,0.027,3428,111,0.032,9519907.0,8108252.0,1377790.0,1136853.0,829841.0,698426.0
2022-05-04,4029,86,0.021,5400,127,0.024,9519891.0,8108950.0,1377790.0,1136853.0,829857.0,698492.0
2022-05-05,4337,89,0.021,5965,143,0.024,9519868.0,8109002.0,1377790.0,1136853.0,829880.0,698514.0
2022-05-06,4792,62,0.013,6002,104,0.017,9519833.0,8109068.0,1377790.0,1136853.0,829915.0,698539.0
2022-05-07,4273,78,0.018,7388,114,0.015,9519779.0,8109158.0,1377790.0,1136853.0,829969.0,698559.0
2022-05-08,7508,102,0.0139999999999999,9667,126,0.013,9519751.0,8109222.0,1377790.0,1136853.0,829997.0,698574.0
2022-05-09,9914,150,0.015,12379,202,0.016,9519734.0,8109301.0,1377790.0,1136853.0,830014.0,698584.0
2022-05-10,9521,129,0.0139999999999999,12568,440,0.035,9519538.0,8111026.0,1377790.0,1136853.0,830210.0,699060.0
2022-05-11,8951,100,0.011,10911,192,0.018,9519342.0,8112343.0,1377790.0,1136853.0,830406.0,699376.0
2022-05-12,8795,101,0.011,10476,134,0.013,9519144.0,8113834.0,1377790.0,1136853.0,830604.0,699837.0
2022-05-13,9032,114,0.013,10943,185,0.017,9518909.0,8115103.0,1377790.0,1136853.0,830839.0,700225.0
2022-05-14,7856,93,0.012,9239,143,0.015,9518672.0,8116485.0,1377790.0,1136853.0,831076.0,700621.0
2022-05-15,4688,70,0.015,5515,104,0.019,9518599.0,8117535.0,1377790.0,1136853.0,831133.0,700933.0
2022-05-16,5934,75,0.013,7458,134,0.018,9518556.0,8117610.0,1377790.0,1136853.0,831162.0,700956.0
2022-05-17,7932,113,0.0139999999999999,9915,184,0.019,9518496.0,8118100.0,1377790.0,1136853.0,831192.0,701076.0
2022-05-18,9037,90,0.01,11311,176,0.016,9518174.0,8118858.0,1377790.0,1136853.0,831463.0,701274.0
2022-05-19,7239,82,0.011,9049,146,0.016,9517865.0,8119989.0,1377790.0,1136853.0,831692.0,701510.0
2022-05-20,6705,93,0.0139999999999999,7889,146,0.019,9517503.0,8122072.0,1377790.0,1136853.0,831951.0,702217.0
2022-05-21,6438,110,0.017,7309,161,0.022,9517180.0,8123535.0,1377790.0,1136853.0,832199.0,702704.0
2022-05-22,4942,58,0.012,5824,105,0.018,9517118.0,8123953.0,1377790.0,1136853.0,832253.0,702849.0
2022-05-23,6737,148,0.022,7926,251,0.032,9517107.0,8124184.0,1377790.0,1136853.0,832253.0,702852.0
2022-05-24,8173,128,0.016,10015,202,0.02,9516880.0,8125015.0,1377790.0,1136853.0,832415.0,703105.0
2022-05-25,6389,124,0.019,7985,165,0.021,9516661.0,8125910.0,1377790.0,1136853.0,832568.0,703385.0
2022-05-26,5818,110,0.019,6845,157,0.023,9517325.0,8126771.0,1377790.0,1136853.0,832767.0,703693.0
2022-05-27,4702,104,0.022,5670,159,0.0279999999999999,9517345.0,8127153.0,1377790.0,1136853.0,832775.0,703749.0
2022-05-28,5473,89,0.016,6467,163,0.025,9518382.0,8127979.0,1377790.0,1136853.0,832975.0,704095.0
2022-05-29,4103,81,0.02,4948,136,0.027,9518542.0,8128200.0,1377790.0,1136853.0,833013.0,704169.0
2022-05-30,5381,132,0.025,6358,220,0.035,9518704.0,8128326.0,1377790.0,1136853.0,833021.0,704180.0
2022-05-31,6326,164,0.026,8158,300,0.037,9519789.0,8129118.0,1377790.0,1136853.0,833200.0,704401.0
2022-06-01,5809,158,0.027,6675,234,0.035,9520854.0,8129820.0,1377790.0,1136853.0,833343.0,704653.0
2022-06-02,5124,173,0.034,5972,239,0.04,9521137.0,8130048.0,1377790.0,1136853.0,833400.0,704732.0
2022-06-03,7135,173,0.024,8233,271,0.033,9522037.0,8130800.0,1377790.0,1136853.0,833502.0,704967.0
2022-06-04,5967,195,0.033,6857,305,0.044,9523006.0,8131588.0,1377790.0,1136853.0,833624.0,705158.0
2022-06-05,3965,147,0.037,4718,227,0.048,9523265.0,8131942.0,1377790.0,1136853.0,833695.0,705245.0
2022-06-06,6055,260,0.043,6452,321,0.05,9523351.0,8132131.0,1377790.0,1136853.0,833712.0,705273.0
2022-06-07,7743,288,0.037,9009,404,0.045,9525411.0,8132848.0,1377790.0,1136853.0,833851.0,705466.0
2022-06-08,5851,276,0.047,6888,386,0.0559999999999999,9526269.0,8133651.0,1377790.0,1136853.0,833973.0,705629.0
2022-06-09,7429,333,0.045,8333,450,0.054,9527287.0,8134456.0,1377790.0,1136853.0,834092.0,705841.0
2022-06-10,7091,314,0.044,8057,410,0.051,9528063.0,8134980.0,1377790.0,1136853.0,834187.0,705969.0
2022-06-11,6389,322,0.05,6945,445,0.064,9529040.0,8135658.0,1377790.0,1136853.0,834325.0,706185.0
2022-06-12,5541,348,0.063,5960,460,0.077,9529307.0,8135838.0,1377790.0,1136853.0,834353.0,706230.0
2022-06-13,8034,517,0.064,8632,646,0.075,9529534.0,8135994.0,1377790.0,1136853.0,834365.0,706251.0
2022-06-14,9518,730,0.077,10122,908,0.09,9530200.0,8136964.0,1377790.0,1136853.0,834510.0,706471.0
2022-06-15,8362,696,0.083,8917,916,0.103,9530994.0,8137762.0,1377790.0,1136853.0,834656.0,706720.0
2022-06-16,8605,686,0.08,9441,938,0.099,9531824.0,8138452.0,1377790.0,1136853.0,834807.0,706980.0
2022-06-17,9176,733,0.08,9888,968,0.098,9532666.0,8139187.0,1377790.0,1136853.0,834956.0,707280.0
2022-06-18,8919,735,0.0819999999999999,10120,996,0.098,9533606.0,8140025.0,1377790.0,1136853.0,835112.0,707560.0
2022-06-19,6621,701,0.106,7990,1020,0.128,9533956.0,8140340.0,1377790.0,1136853.0,835169.0,707644.0
2022-06-20,8164,953,0.1169999999999999,9297,1404,0.151,9534216.0,8140567.0,1377790.0,1136853.0,835201.0,707710.0
2022-06-21,9903,1226,0.124,10772,1625,0.151,9535239.0,8141539.0,1377790.0,1136853.0,835368.0,708021.0
2022-06-22,9320,1054,0.113,10463,1473,0.141,9536279.0,8142150.0,1377790.0,1136853.0,835527.0,708180.0
2022-06-23,11105,1266,0.114,12206,1737,0.142,9536808.0,8143902.0,1377790.0,1136853.0,835720.0,708646.0
2022-06-24,9029,1045,0.1159999999999999,9813,1458,0.149,9537627.0,8145117.0,1377790.0,1136853.0,835906.0,708930.0
2022-06-25,8172,1055,0.129,10064,1668,0.166,9538552.0,8145716.0,1377790.0,1136853.0,836059.0,709069.0
2022-06-26,6104,838,0.1369999999999999,7190,1263,0.176,9538804.0,8146939.0,1377790.0,1136853.0,836150.0,709317.0
2022-06-27,9743,1250,0.128,10356,1576,0.152,9538980.0,8147396.0,1377790.0,1136853.0,836195.0,709379.0
2022-06-28,11842,1134,0.096,12981,1605,0.124,9540030.0,8148026.0,1377790.0,1136853.0,836337.0,709518.0
2022-06-29,11784,1255,0.107,12468,1654,0.133,9540837.0,8149468.0,1377790.0,1136853.0,836530.0,709813.0
2022-06-30,10423,1100,0.106,12099,1539,0.127,9542017.0,8150197.0,1377790.0,1136853.0,836656.0,709978.0
2022-07-01,9358,983,0.105,10703,1364,0.127,9543169.0,8151999.0,1377790.0,1136853.0,836835.0,710280.0
2022-07-02,9452,931,0.098,10749,1298,0.121,9543690.0,8153204.0,1377790.0,1136853.0,836979.0,710512.0
2022-07-03,5851,737,0.126,6435,1001,0.156,9543845.0,8153613.0,1377790.0,1136853.0,837045.0,710583.0
2022-07-04,9684,1276,0.132,10221,1541,0.151,9544002.0,8153817.0,1377790.0,1136853.0,837071.0,710669.0
2022-07-05,11827,1516,0.128,13605,2099,0.154,9544826.0,8154527.0,1377790.0,1136853.0,837230.0,710857.0
2022-07-06,10979,1476,0.134,12789,2113,0.165,9545551.0,8155318.0,1377790.0,1136853.0,837393.0,711022.0
2022-07-07,10005,1151,0.115,12404,1892,0.153,9551039.0,8155181.0,1377790.0,1136853.0,837558.0,711213.0
2022-07-08,12742,1478,0.1159999999999999,14083,2135,0.152,9550813.0,8155423.0,1377790.0,1136853.0,837784.0,711478.0
2022-07-09,10893,1675,0.154,11061,1720,0.156,9550549.0,8156784.0,1377790.0,1136853.0,838010.0,711852.0
2022-07-10,5789,812,0.14,6556,1102,0.168,9550750.0,8157111.0,1377790.0,1136853.0,838088.0,712011.0
2022-07-11,10548,1594,0.151,11589,1939,0.1669999999999999,9550888.0,8157121.0,1377790.0,1136853.0,838095.0,712020.0
2022-07-12,12314,2021,0.1639999999999999,13705,2598,0.19,9551915.0,8157846.0,1377790.0,1136853.0,838256.0,712183.0
2022-07-13,11594,1749,0.151,13173,2379,0.181,9553036.0,8158735.0,1377790.0,1136853.0,838434.0,712402.0
2022-07-14,11683,1613,0.138,13126,2221,0.1689999999999999,9554038.0,8159246.0,1377790.0,1136853.0,838580.0,712488.0
2022-07-15,15046,2131,0.142,17794,3177,0.179,9555370.0,8160305.0,1377790.0,1136853.0,838814.0,712769.0
2022-07-16,18354,2002,0.109,20137,2973,0.148,9556510.0,8161145.0,1377790.0,1136853.0,839026.0,713042.0
2022-07-17,10701,1864,0.174,11680,2548,0.218,9557172.0,8161716.0,1377790.0,1136853.0,839140.0,713259.0
2022-07-18,13498,2485,0.184,14363,3288,0.2289999999999999,9557444.0,8161937.0,1377790.0,1136853.0,839174.0,713312.0
2022-07-19,16257,2950,0.181,17382,3930,0.226,9558191.0,8162362.0,1377790.0,1136853.0,839328.0,713380.0
2022-07-20,16205,2883,0.178,17914,4014,0.2239999999999999,9559531.0,8163332.0,1377790.0,1136853.0,839490.0,713560.0
2022-07-21,14480,2465,0.17,15998,3340,0.209,9561237.0,8164429.0,1377790.0,1136853.0,839690.0,713790.0
2022-07-22,15915,2661,0.1669999999999999,18050,3729,0.207,9563805.0,8165955.0,1377790.0,1136853.0,839924.0,714071.0
2022-07-23,14059,2151,0.153,16078,3200,0.1989999999999999,9565642.0,8167194.0,1377790.0,1136853.0,840255.0,714306.0
2022-07-24,13253,2168,0.1639999999999999,14841,3157,0.213,9566431.0,8168010.0,1377790.0,1136853.0,840465.0,714558.0
2022-07-25,14518,2974,0.205,15451,3749,0.243,9566819.0,8168350.0,1377790.0,1136853.0,840554.0,714633.0
2022-07-26,17516,3279,0.187,19792,4705,0.238,9568638.0,8169142.0,1377790.0,1136853.0,840751.0,714764.0
2022-07-27,17769,3157,0.178,19984,4445,0.222,9570561.0,8170296.0,1377790.0,1136853.0,841044.0,714985.0
2022-07-28,16708,2987,0.179,18463,4132,0.2239999999999999,9572528.0,8171613.0,1377790.0,1136853.0,841424.0,715220.0
2022-07-29,14501,2629,0.181,16498,3765,0.228,9574316.0,8172727.0,1377790.0,1136853.0,841760.0,715430.0
2022-07-30,12964,2198,0.17,15163,3504,0.231,9576174.0,8174187.0,1377790.0,1136853.0,842066.0,715742.0
2022-07-31,10962,1486,0.136,13535,3324,0.246,9576626.0,8174643.0,1377790.0,1136853.0,842176.0,715855.0
2022-08-01,12897,1993,0.155,15263,4039,0.265,9576993.0,8174930.0,1377790.0,1136853.0,842238.0,715913.0
2022-08-02,16401,2532,0.154,18659,4627,0.248,9578296.0,8175384.0,1377790.0,1136853.0,842505.0,716004.0
2022-08-03,18094,2814,0.156,20400,5054,0.248,9580124.0,8176933.0,1377790.0,1136853.0,842748.0,716219.0
2022-08-04,16689,2569,0.154,18462,4272,0.231,9581641.0,8178007.0,1377790.0,1136853.0,842951.0,716341.0
2022-08-05,16447,2356,0.143,18295,3964,0.217,9583096.0,8179047.0,1377790.0,1136853.0,843158.0,716539.0
2022-08-06,13638,1824,0.134,15411,3397,0.22,9584538.0,8180125.0,1377790.0,1136853.0,843458.0,716711.0
2022-08-07,13110,2300,0.175,14022,3186,0.2269999999999999,9585191.0,8180608.0,1377790.0,1136853.0,843569.0,716811.0
2022-08-08,12730,2298,0.181,15338,4026,0.262,9585448.0,8180912.0,1377790.0,1136853.0,843629.0,716857.0
2022-08-09,14887,2224,0.149,18540,4635,0.25,9587157.0,8182076.0,1377790.0,1136853.0,843789.0,716945.0
2022-08-10,15377,2218,0.144,17778,4230,0.238,9588503.0,8182624.0,1377790.0,1136853.0,843905.0,716989.0
2022-08-11,16382,2858,0.174,17711,4154,0.235,9590283.0,8184432.0,1377790.0,1136853.0,844123.0,717190.0
2022-08-12,15397,2287,0.149,17379,4061,0.2339999999999999,9591804.0,8185838.0,1377790.0,1136853.0,844264.0,717297.0
2022-08-13,13053,2109,0.162,14440,3336,0.231,9593056.0,8186906.0,1377790.0,1136853.0,844425.0,717434.0
2022-08-14,10902,1902,0.174,12154,2939,0.242,9593698.0,8187307.0,1377790.0,1136853.0,844571.0,717540.0
2022-08-15,16092,2462,0.153,17782,3591,0.2019999999999999,9594098.0,8187563.0,1377790.0,1136853.0,844617.0,717569.0
2022-08-16,16080,2404,0.15,17749,4041,0.228,9595617.0,8188954.0,1377790.0,1136853.0,844709.0,717671.0
2022-08-17,13783,2060,0.149,15114,3349,0.222,9596755.0,8189614.0,1377790.0,1136853.0,844776.0,717718.0
2022-08-18,12684,2217,0.175,13639,3154,0.231,9597033.0,8189768.0,1377790.0,1136853.0,844808.0,717732.0
2022-08-19,13372,2324,0.174,14776,3685,0.249,9597919.0,8190493.0,1377790.0,1136853.0,844911.0,717799.0
2022-08-20,11597,1897,0.1639999999999999,12900,3176,0.246,9598945.0,8191339.0,1377790.0,1136853.0,845073.0,717902.0
2022-08-21,9368,1546,0.165,10444,2592,0.248,9599318.0,8191678.0,1377790.0,1136853.0,845151.0,717981.0
2022-08-22,11466,1470,0.128,13474,3149,0.2339999999999999,9599511.0,8191883.0,1377790.0,1136853.0,845206.0,718006.0
2022-08-23,14581,2217,0.152,16112,3649,0.226,9600399.0,8194748.0,1377790.0,1136853.0,845394.0,718268.0
2022-08-24,14340,2483,0.173,15437,3473,0.225,9601289.0,8196040.0,1377790.0,1136853.0,845457.0,718377.0
2022-08-25,12474,1888,0.151,13754,2743,0.1989999999999999,9602285.0,8197248.0,1377790.0,1136853.0,845616.0,718484.0
2022-08-26,12618,1912,0.152,13882,3048,0.22,9603363.0,8198500.0,1377790.0,1136853.0,845758.0,718603.0
2022-08-27,10445,1489,0.143,11696,2560,0.2189999999999999,9604193.0,8199523.0,1377790.0,1136853.0,845871.0,718775.0
2022-08-28,7056,1216,0.172,7483,1577,0.211,9604572.0,8200047.0,1377790.0,1136853.0,845986.0,718884.0
2022-08-29,10228,1717,0.168,11277,2625,0.233,9605052.0,8200485.0,1377790.0,1136853.0,846045.0,718925.0
2022-08-30,12507,1931,0.154,13610,2972,0.218,9606086.0,8201648.0,1377790.0,1136853.0,846211.0,719115.0
2022-08-31,11213,1702,0.152,12350,2770,0.2239999999999999,9607132.0,8202234.0,1377790.0,1136853.0,846329.0,719202.0
2022-09-01,10974,1500,0.1369999999999999,11955,2373,0.198,9607957.0,8204576.0,1377790.0,1136853.0,846444.0,719404.0
2022-09-02,10452,1506,0.144,11325,2316,0.205,9608805.0,8205549.0,1377790.0,1136853.0,846532.0,719527.0
2022-09-03,9180,1257,0.1369999999999999,10246,2222,0.217,9609881.0,8206739.0,1377790.0,1136853.0,846714.0,719732.0
2022-09-04,6915,992,0.143,7859,1785,0.2269999999999999,9610143.0,8207126.0,1377790.0,1136853.0,846758.0,719790.0
2022-09-05,9885,1387,0.14,11021,2398,0.218,9610445.0,8207380.0,1377790.0,1136853.0,846793.0,719836.0
2022-09-06,10879,1486,0.1369999999999999,11955,2392,0.2,9609703.0,8207232.0,1377790.0,1136853.0,846932.0,719984.0
2022-09-07,10111,1318,0.13,11050,2177,0.1969999999999999,9609514.0,8207153.0,1377790.0,1136853.0,846994.0,720063.0
2022-09-08,9264,1166,0.126,10037,1866,0.186,9609414.0,8207102.0,1377790.0,1136853.0,847047.0,720114.0
2022-09-09,9086,1125,0.124,9952,1843,0.185,9609280.0,8207029.0,1377790.0,1136853.0,847112.0,720187.0
2022-09-10,7791,855,0.11,8525,1509,0.177,9609183.0,8207021.0,1377790.0,1136853.0,847187.0,720195.0
2022-09-11,5349,753,0.141,6038,1342,0.222,9609146.0,8207015.0,1377790.0,1136853.0,847217.0,720201.0
2022-09-12,8236,1061,0.129,9012,1740,0.193,9609090.0,8206930.0,1377790.0,1136853.0,847237.0,720286.0
2022-09-13,10376,1228,0.118,11328,1981,0.175,9609030.0,8206848.0,1377790.0,1136853.0,847253.0,720368.0
2022-09-14,8785,1116,0.127,9498,1706,0.18,9608953.0,8206806.0,1377790.0,1136853.0,847292.0,720410.0
2022-09-15,8391,1021,0.122,9161,1684,0.184,9608923.0,8206785.0,1377790.0,1136853.0,847301.0,720431.0
2022-09-16,8258,893,0.108,8823,1348,0.153,9608892.0,8206763.0,1377790.0,1136853.0,847309.0,720453.0
2022-09-17,7421,794,0.107,8201,1464,0.179,9608787.0,8206699.0,1377790.0,1136853.0,847348.0,720517.0
2022-09-18,5119,626,0.122,5798,1081,0.186,9608759.0,8206686.0,1377790.0,1136853.0,847362.0,720530.0
2022-09-19,7528,952,0.126,8104,1424,0.176,9608718.0,8206675.0,1377790.0,1136853.0,847380.0,720541.0
2022-09-20,8463,974,0.115,10907,1488,0.136,9608667.0,8206656.0,1377790.0,1136853.0,847400.0,720560.0
2022-09-21,7701,888,0.115,10712,1650,0.154,9608599.0,8206548.0,1377790.0,1136853.0,847431.0,720617.0
2022-09-22,6154,712,0.1159999999999999,7542,1122,0.149,9608539.0,8206383.0,1377790.0,1136853.0,847445.0,720710.0
2022-09-23,5494,687,0.125,6929,1170,0.1689999999999999,9608518.0,8206341.0,1377790.0,1136853.0,847458.0,720732.0
2022-09-24,5042,580,0.115,7062,1062,0.15,9608448.0,8206185.0,1377790.0,1136853.0,847491.0,720841.0
2022-09-25,5429,546,0.1009999999999999,5456,974,0.179,9608223.0,8206083.0,1377790.0,1136853.0,847694.0,720924.0
2022-09-26,7304,740,0.1009999999999999,7307,1089,0.149,9608151.0,8206020.0,1377790.0,1136853.0,847749.0,720967.0
2022-09-27,8538,695,0.081,8545,1152,0.135,9608041.0,8205888.0,1377790.0,1136853.0,847803.0,721044.0
2022-09-28,8801,781,0.089,8893,1256,0.141,9607924.0,8205725.0,1377790.0,1136853.0,847883.0,721139.0
2022-09-29,8641,734,0.085,8647,1138,0.132,9607830.0,8205610.0,1377790.0,1136853.0,847949.0,721210.0
2022-09-30,7645,603,0.079,7748,1017,0.131,9607733.0,8205494.0,1377790.0,1136853.0,848015.0,721290.0
2022-10-01,6495,551,0.085,6447,992,0.154,9607603.0,8205317.0,1377790.0,1136853.0,848116.0,721423.0
2022-10-02,4755,384,0.081,4770,654,0.1369999999999999,9607526.0,8205220.0,1377790.0,1136853.0,848174.0,721498.0
2022-10-03,6725,668,0.099,6766,1019,0.151,9607475.0,8205176.0,1377790.0,1136853.0,848208.0,721524.0
2022-10-04,7549,600,0.079,7589,999,0.132,9607365.0,8205015.0,1377790.0,1136853.0,848281.0,721630.0
2022-10-05,8281,680,0.0819999999999999,8282,990,0.12,9650093.0,8205561.0,1377790.0,1136853.0,848355.0,721687.0
2022-10-06,7125,520,0.073,7141,809,0.113,9650345.0,8205947.0,1377790.0,1136853.0,848387.0,721739.0
2022-10-07,5782,500,0.086,5744,733,0.128,9650558.0,8206393.0,1377790.0,1136853.0,848425.0,721785.0
2022-10-08,6460,465,0.072,6534,843,0.129,9650753.0,8206740.0,1377790.0,1136853.0,848466.0,721825.0
2022-10-09,4495,496,0.11,4544,752,0.165,9650866.0,8206920.0,1377790.0,1136853.0,848484.0,721845.0
2022-10-10,6639,738,0.111,6648,924,0.139,9650994.0,8207137.0,1377790.0,1136853.0,848498.0,721859.0
2022-10-11,8789,752,0.086,8622,1066,0.124,9651132.0,8207434.0,1377790.0,1136853.0,848520.0,721887.0
2022-10-12,7741,708,0.091,7682,995,0.13,9651318.0,8207828.0,1377790.0,1136853.0,848578.0,721927.0
2022-10-13,7670,612,0.08,7769,946,0.122,9651609.0,8208205.0,1377790.0,1136853.0,848638.0,721991.0
2022-10-14,6597,577,0.087,6501,857,0.132,9651920.0,8208708.0,1377790.0,1136853.0,848738.0,722100.0
2022-10-15,6649,518,0.078,6670,816,0.122,9652068.0,8209117.0,1377790.0,1136853.0,848783.0,722183.0
2022-10-16,4932,448,0.091,4934,711,0.144,9652160.0,8209411.0,1377790.0,1136853.0,848808.0,722215.0
2022-10-17,7026,697,0.099,7282,995,0.1369999999999999,9652225.0,8209603.0,1377790.0,1136853.0,848820.0,722231.0
2022-10-18,8237,891,0.108,8373,1164,0.139,9652387.0,8210142.0,1377790.0,1136853.0,848865.0,722285.0
2022-10-19,7070,784,0.111,7081,1071,0.151,9652375.0,8210115.0,1377790.0,1136853.0,848877.0,722312.0
2022-10-20,7402,773,0.104,7321,1105,0.151,9652714.0,8211299.0,1377790.0,1136853.0,848930.0,722369.0
2022-10-21,6650,664,0.1,6669,926,0.139,9652972.0,8211801.0,1377790.0,1136853.0,848954.0,722400.0
2022-10-22,5768,643,0.111,5757,964,0.1669999999999999,9653126.0,8212190.0,1377790.0,1136853.0,848968.0,722423.0
2022-10-23,4725,625,0.132,4570,766,0.168,9653212.0,8212468.0,1377790.0,1136853.0,848976.0,722444.0
2022-10-24,6632,889,0.134,6654,1123,0.1689999999999999,9653281.0,8212688.0,1377790.0,1136853.0,848989.0,722460.0
2022-10-25,8023,1066,0.133,8051,1487,0.185,9653412.0,8212974.0,1377790.0,1136853.0,849009.0,722494.0
2022-10-26,7380,1062,0.144,7600,1341,0.176,9653517.0,8213266.0,1377790.0,1136853.0,849022.0,722523.0
2022-10-27,7092,1007,0.142,7138,1338,0.187,9653638.0,8213590.0,1377790.0,1136853.0,849037.0,722541.0
2022-10-28,7468,1041,0.139,7545,1378,0.183,9653755.0,8213989.0,1377790.0,1136853.0,849048.0,722566.0
2022-10-29,6876,1081,0.157,7633,1641,0.215,9653889.0,8214457.0,1377790.0,1136853.0,849060.0,722587.0
2022-10-30,4518,822,0.182,4551,1039,0.228,9654020.0,8214930.0,1377790.0,1136853.0,849071.0,722603.0
2022-10-31,7374,1559,0.211,7531,1824,0.242,9654110.0,8215158.0,1377790.0,1136853.0,849075.0,722608.0
2022-11-01,9758,1781,0.183,9699,2262,0.233,9654456.0,8216555.0,1377790.0,1136853.0,849087.0,722631.0
2022-11-02,8715,1823,0.209,8796,2171,0.247,9654802.0,8218128.0,1377790.0,1136853.0,849108.0,722666.0
2022-11-03,9321,2036,0.218,9356,2569,0.275,9655133.0,8219545.0,1377790.0,1136853.0,849123.0,722693.0
2022-11-04,9757,1859,0.191,9749,2346,0.241,9655300.0,8220106.0,1377790.0,1136853.0,849129.0,722713.0
2022-11-05,8404,1542,0.183,8443,2200,0.261,9655583.0,8221198.0,1377790.0,1136853.0,849138.0,722734.0
2022-11-06,6226,1345,0.216,7059,2008,0.284,9655701.0,8221508.0,1377790.0,1136853.0,849152.0,722749.0
2022-11-07,8761,2254,0.257,8835,2720,0.308,9655902.0,8222281.0,1377790.0,1136853.0,849157.0,722763.0
2022-11-08,11200,2557,0.228,11426,3399,0.297,9656054.0,8222957.0,1377790.0,1136853.0,849177.0,722791.0
2022-11-09,10087,2396,0.238,10136,2823,0.2789999999999999,9656190.0,8223599.0,1377790.0,1136853.0,849188.0,722810.0
2022-11-10,10232,2583,0.252,10455,3189,0.305,9656352.0,8224446.0,1377790.0,1136853.0,849202.0,722839.0
2022-11-11,11129,2511,0.226,11194,3452,0.308,9656623.0,8225528.0,1377790.0,1136853.0,849223.0,722877.0
2022-11-12,10039,2261,0.225,10120,3310,0.327,9656844.0,8226230.0,1377790.0,1136853.0,849239.0,722896.0
2022-11-13,7991,1771,0.222,8023,2429,0.303,9656990.0,8226626.0,1377790.0,1136853.0,849245.0,722909.0
2022-11-14,10168,2932,0.288,10266,3333,0.325,9657112.0,8227216.0,1377790.0,1136853.0,849255.0,722923.0
2022-11-15,14045,3668,0.261,14142,4850,0.3429999999999999,9657381.0,8227872.0,1377790.0,1136853.0,849270.0,722943.0
2022-11-16,13457,3474,0.258,13552,4704,0.347,9657538.0,8228712.0,1377790.0,1136853.0,849284.0,722979.0
2022-11-17,11671,2798,0.24,11731,3765,0.321,9657821.0,8229520.0,1377790.0,1136853.0,849298.0,723005.0
2022-11-18,11883,2628,0.221,11962,3610,0.302,9657998.0,8230098.0,1377790.0,1136853.0,849310.0,723018.0
2022-11-19,10763,2373,0.22,10803,3451,0.319,9658228.0,8230947.0,1377790.0,1136853.0,849326.0,723047.0
2022-11-20,8115,1789,0.22,8162,2672,0.327,9658353.0,8231329.0,1377790.0,1136853.0,849337.0,723066.0
2022-11-21,10471,2844,0.272,10517,3682,0.35,9658416.0,8231574.0,1377790.0,1136853.0,849341.0,723075.0
2022-11-22,13814,3018,0.218,13808,4390,0.318,9658666.0,8232457.0,1377790.0,1136853.0,849360.0,723105.0
2022-11-23,13788,3018,0.2189999999999999,13778,4338,0.315,9658845.0,8233128.0,1377790.0,1136853.0,849373.0,723118.0
2022-11-24,11729,2550,0.217,11775,3600,0.306,9659038.0,8233722.0,1377790.0,1136853.0,849378.0,723129.0
2022-11-25,10830,2235,0.206,10768,3282,0.305,9659240.0,8234487.0,1377790.0,1136853.0,849383.0,723152.0
2022-11-26,10153,1844,0.182,10059,3277,0.326,9659240.0,8233318.0,1377790.0,1136853.0,849383.0,724321.0
2022-11-27,7426,1296,0.175,7529,2102,0.2789999999999999,9659240.0,8231825.0,1377790.0,1136853.0,849383.0,724337.0
2022-11-28,9705,2020,0.208,9923,3022,0.305,9659240.0,8231820.0,1377790.0,1136853.0,849383.0,724342.0
2022-11-29,9209,2355,0.256,12471,3599,0.289,9659240.0,8231786.0,1377790.0,1136853.0,849383.0,724376.0
2022-11-30,8039,1957,0.243,10783,3014,0.28,9659240.0,8231738.0,1377790.0,1136853.0,849383.0,724424.0
2022-12-01,9088,1644,0.181,9121,2643,0.29,9659240.0,8302082.0,1377790.0,1136853.0,849383.0,724445.0
2022-12-02,9537,1441,0.151,9537,2414,0.253,9659240.0,8302643.0,1377790.0,1136853.0,849383.0,724476.0
2022-12-03,7735,1056,0.1369999999999999,7808,2148,0.275,9659240.0,8303279.0,1377790.0,1136853.0,849383.0,724497.0
2022-12-04,5593,804,0.144,5641,1422,0.252,9659240.0,8303556.0,1377790.0,1136853.0,849383.0,724512.0
2022-12-05,8608,1248,0.145,8734,1993,0.228,9659240.0,8303814.0,1377790.0,1136853.0,849383.0,724525.0
2022-12-06,9639,1280,0.133,9599,2331,0.243,9659240.0,8304385.0,1377790.0,1136853.0,849383.0,724552.0
2022-12-07,7999,1038,0.13,8055,1817,0.226,9659240.0,8305076.0,1377790.0,1136853.0,849383.0,724584.0
2022-12-08,7102,818,0.115,7063,1523,0.216,9659240.0,8305718.0,1377790.0,1136853.0,849383.0,724613.0
2022-12-09,7342,755,0.103,7334,1357,0.185,9659240.0,8306401.0,1377790.0,1136853.0,849383.0,724644.0
2022-12-10,6478,603,0.093,6472,1156,0.179,9659240.0,8307160.0,1377790.0,1136853.0,849383.0,724689.0
2022-12-11,4815,438,0.091,4620,850,0.184,9659240.0,8307454.0,1377790.0,1136853.0,849383.0,724704.0
2022-12-12,6387,586,0.092,6420,1058,0.165,9659240.0,8307793.0,1377790.0,1136853.0,849383.0,724725.0
2022-12-13,7597,706,0.093,7582,1186,0.156,9659240.0,8308481.0,1377790.0,1136853.0,849383.0,724771.0
2022-12-14,6297,573,0.091,6390,1052,0.165,9659240.0,8309214.0,1377790.0,1136853.0,849383.0,724819.0
2022-12-15,6010,485,0.081,6031,880,0.146,9659240.0,8310485.0,1377790.0,1136853.0,849383.0,724907.0
2022-12-16,5265,394,0.075,5276,688,0.13,9659240.0,8311573.0,1377790.0,1136853.0,849383.0,724974.0
2022-12-17,4656,293,0.063,4690,651,0.139,9659240.0,8312277.0,1377790.0,1136853.0,849383.0,725027.0
2022-12-18,3350,284,0.085,3473,480,0.138,9659240.0,8313413.0,1377790.0,1136853.0,849383.0,725109.0
2022-12-19,5111,317,0.062,5134,591,0.115,9659240.0,8314338.0,1377790.0,1136853.0,849383.0,725208.0
2022-12-20,5986,379,0.063,6023,707,0.1169999999999999,9659240.0,8315945.0,1377790.0,1136853.0,849383.0,725389.0
2022-12-21,5053,303,0.06,4982,559,0.1119999999999999,9659240.0,8316628.0,1377790.0,1136853.0,849383.0,725447.0
2022-12-22,4616,280,0.061,4658,455,0.098,9659240.0,8317096.0,1377790.0,1136853.0,849383.0,725471.0
2022-12-23,4181,254,0.061,4188,428,0.102,9659240.0,8317588.0,1377790.0,1136853.0,849383.0,725488.0
2022-12-24,3781,212,0.0559999999999999,3778,362,0.096,9659240.0,8318023.0,1377790.0,1136853.0,849383.0,725509.0
2022-12-25,2515,137,0.054,2519,225,0.089,9659240.0,8318023.0,1377790.0,1136853.0,849383.0,725509.0
2022-12-26,3713,185,0.05,3730,321,0.086,9659240.0,8318419.0,1377790.0,1136853.0,849383.0,725529.0
2022-12-27,4352,230,0.053,4355,367,0.084,9659240.0,8318824.0,1377790.0,1136853.0,849383.0,725556.0
2022-12-28,4037,189,0.047,4057,359,0.088,9659046.0,8318628.0,1377790.0,1136853.0,849577.0,726272.0
2022-12-29,3511,181,0.052,3514,279,0.079,9659046.0,8319102.0,1377790.0,1136853.0,849577.0,726292.0
2022-12-30,3705,156,0.042,3700,263,0.071,9659046.0,8319600.0,1377790.0,1136853.0,849577.0,726318.0
2022-12-31,3107,130,0.042,3123,259,0.083,9659045.0,8320068.0,1377790.0,1136853.0,849578.0,726342.0
2023-01-01,2136,69,0.032,2135,132,0.062,9659026.0,8320492.0,1377790.0,1136853.0,849597.0,726362.0
2023-01-02,3549,192,0.054,3525,284,0.081,9659022.0,8320601.0,1377790.0,1136853.0,849601.0,726374.0
2023-01-03,4768,210,0.044,4731,281,0.059,9659019.0,8320992.0,1377790.0,1136853.0,849604.0,726390.0
2023-01-03,3286,106,0.032,3337,141,0.042,9659019.0,8320992.0,1377790.0,1136853.0,849604.0,726390.0
2023-01-04,3904,183,0.047,3880,262,0.068,9658925.0,8321430.0,1377790.0,1136853.0,849698.0,726489.0
2023-01-05,4039,188,0.047,4025,274,0.068,9658907.0,8321808.0,1377790.0,1136853.0,849716.0,726508.0
2023-01-06,4276,151,0.035,4189,221,0.053,9658885.0,8322374.0,1377790.0,1136853.0,849738.0,726546.0
2023-01-07,4007,125,0.031,3973,197,0.05,9658868.0,8322944.0,1377790.0,1136853.0,849755.0,726573.0
2023-01-08,2957,81,0.027,2957,143,0.048,9658850.0,8323207.0,1377790.0,1136853.0,849773.0,726602.0
2023-01-09,4162,124,0.03,4145,186,0.045,9658837.0,8323444.0,1377790.0,1136853.0,849786.0,726625.0
2023-01-10,3961,146,0.037,3986,231,0.0579999999999999,9658824.0,8324091.0,1377790.0,1136853.0,849799.0,726648.0
2023-01-11,4088,159,0.039,4116,222,0.054,9658811.0,8324614.0,1377790.0,1136853.0,849812.0,726670.0
2023-01-12,3649,120,0.033,3696,194,0.052,9658794.0,8325298.0,1377790.0,1136853.0,849829.0,726695.0
2023-01-13,4091,172,0.042,4105,160,0.039,9658770.0,8325925.0,1377790.0,1136853.0,849853.0,726724.0
2023-01-14,3437,84,0.024,3537,145,0.0409999999999999,9658741.0,8326404.0,1377790.0,1136853.0,849882.0,726758.0
2023-01-15,2534,70,0.0279999999999999,2542,123,0.048,9658731.0,8326702.0,1377790.0,1136853.0,849892.0,726771.0
2023-01-16,3205,111,0.035,3231,187,0.0579999999999999,9658722.0,8327040.0,1377790.0,1136853.0,849901.0,726782.0
2023-01-17,4261,118,0.0279999999999999,4285,186,0.043,9658680.0,8327592.0,1377790.0,1136853.0,849943.0,726838.0
2023-01-18,3390,84,0.025,3423,142,0.0409999999999999,9658662.0,8328142.0,1377790.0,1136853.0,849961.0,726871.0
2023-01-19,3874,92,0.024,3885,130,0.033,9658641.0,8328508.0,1377790.0,1136853.0,849982.0,726896.0
2023-01-20,3325,81,0.024,3333,135,0.0409999999999999,9658619.0,8328975.0,1377790.0,1136853.0,850004.0,726927.0
2023-01-21,2678,84,0.031,2691,127,0.047,9658608.0,8329373.0,1377790.0,1136853.0,850015.0,726946.0
2023-01-22,1497,45,0.03,1506,72,0.048,9658598.0,8329567.0,1377790.0,1136853.0,850025.0,726958.0
2023-01-23,1845,62,0.034,1837,88,0.048,9658586.0,8329517.0,1377790.0,1136853.0,850037.0,726974.0
2023-01-24,2648,87,0.033,2654,132,0.05,9658577.0,8329483.0,1377790.0,1136853.0,850046.0,726989.0
2023-01-25,3093,97,0.031,3110,122,0.039,9658567.0,8329929.0,1377790.0,1136853.0,850056.0,727005.0
2023-01-26,3264,64,0.02,3269,115,0.035,9658558.0,8330349.0,1377790.0,1136853.0,850065.0,727019.0
2023-01-27,3707,70,0.019,3718,122,0.033,9658550.0,8330844.0,1377790.0,1136853.0,850073.0,727036.0
2023-01-28,2606,63,0.024,2624,110,0.042,9658536.0,8331308.0,1377790.0,1136853.0,850087.0,727054.0
2023-01-29,1917,68,0.035,1928,88,0.046,9658530.0,8331479.0,1377790.0,1136853.0,850093.0,727059.0
2023-01-30,3355,97,0.0289999999999999,3364,118,0.035,9658524.0,8331631.0,1377790.0,1136853.0,850099.0,727069.0
2023-01-31,3727,80,0.021,3808,147,0.039,9658517.0,8332123.0,1377790.0,1136853.0,850106.0,727088.0
2023-02-01,3580,101,0.0279999999999999,3632,138,0.038,9658509.0,8332711.0,1377790.0,1136853.0,850114.0,727105.0
2023-02-02,3160,62,0.02,3222,109,0.034,9658496.0,8333234.0,1377790.0,1136853.0,850127.0,727126.0
2023-02-03,3401,61,0.018,3469,116,0.033,9658491.0,8334073.0,1377790.0,1136853.0,850132.0,727141.0
2023-02-04,2093,51,0.024,2153,98,0.046,9658480.0,8334523.0,1377790.0,1136853.0,850143.0,727155.0
2023-02-05,1968,69,0.035,2038,131,0.064,9658471.0,8334804.0,1377790.0,1136853.0,850152.0,727166.0
2023-02-06,3152,200,0.063,3128,147,0.047,9658471.0,8334804.0,1377790.0,1136853.0,850152.0,727166.0
2023-02-07,3581,90,0.025,3642,134,0.037,9658471.0,8334804.0,1377790.0,1136853.0,850152.0,727166.0
2023-02-08,3237,88,0.027,3308,144,0.044,9658471.0,8334804.0,1377790.0,1136853.0,850152.0,727166.0
2023-02-09,2590,104,0.04,2635,138,0.052,9658471.0,8334804.0,1377790.0,1136853.0,850152.0,727166.0
2023-02-10,2812,92,0.033,2857,121,0.042,9658471.0,8334804.0,1377790.0,1136853.0,850152.0,727166.0
2023-02-11,2718,76,0.0279999999999999,2761,106,0.038,9658471.0,8334804.0,1377790.0,1136853.0,850152.0,727166.0
2023-02-12,1863,73,0.039,1901,96,0.05,9658471.0,8334804.0,1377790.0,1136853.0,850152.0,727166.0
2023-02-13,2846,89,0.031,2908,121,0.042,9658471.0,8334804.0,1377790.0,1136853.0,850152.0,727166.0
2023-02-14,3491,101,0.0289999999999999,3543,131,0.037,9658471.0,8334804.0,1377790.0,1136853.0,850152.0,727166.0
2023-02-15,3307,109,0.033,3376,148,0.044,9658471.0,8334804.0,1377790.0,1136853.0,850152.0,727166.0
2023-02-16,2940,113,0.038,2977,140,0.047,9658471.0,8334804.0,1377790.0,1136853.0,850152.0,727166.0
2023-02-17,2777,87,0.031,2818,118,0.042,9658471.0,8334804.0,1377790.0,1136853.0,850152.0,727166.0
2023-02-18,2060,94,0.046,2060,94,0.046,9658471.0,8334804.0,1377790.0,1136853.0,850152.0,727166.0
2023-02-19,1858,48,0.026,1918,85,0.044,9658471.0,8334804.0,1377790.0,1136853.0,850152.0,727166.0
2023-02-20,2894,97,0.034,2961,141,0.048,9658471.0,8334804.0,1377790.0,1136853.0,850152.0,727166.0
2023-02-21,3477,92,0.026,3526,124,0.035,9658471.0,8334804.0,1377790.0,1136853.0,850152.0,727166.0
2023-02-22,2368,74,0.031,2401,102,0.042,9658471.0,8334804.0,1377790.0,1136853.0,850152.0,727166.0
2023-02-23,2685,97,0.036,2745,137,0.05,9658471.0,8334804.0,1377790.0,1136853.0,850152.0,727166.0
2023-02-24,2085,78,0.037,2118,102,0.048,9658250.0,8334201.0,1377790.0,1136853.0,850373.0,727456.0
2023-02-25,2062,76,0.037,2116,106,0.05,9658241.0,8334182.0,1377790.0,1136853.0,850382.0,727469.0
2023-02-26,1561,49,0.031,1594,72,0.045,9658236.0,8342522.0,1377790.0,1136853.0,850387.0,727475.0
2023-02-27,2362,101,0.043,2434,145,0.06,9658233.0,8342604.0,1377790.0,1136853.0,850390.0,727477.0
2023-02-28,2608,94,0.036,2654,119,0.045,9658233.0,8342963.0,1377790.0,1136853.0,850390.0,727492.0
2023-03-02,2622,95,0.036,2675,140,0.052,9658233.0,8339885.0,1377790.0,1136853.0,850390.0,730570.0
2023-03-03,2834,100,0.035,2880,139,0.048,9658233.0,8339885.0,1377790.0,1136853.0,850390.0,730570.0
2023-03-04,2143,78,0.036,2192,123,0.0559999999999999,9658233.0,8339885.0,1377790.0,1136853.0,850390.0,730570.0
2023-03-05,1446,53,0.037,1486,86,0.0579999999999999,9658233.0,8339885.0,1377790.0,1136853.0,850390.0,730570.0
2023-03-06,2466,127,0.052,2513,150,0.06,9658233.0,8339885.0,1377790.0,1136853.0,850390.0,730570.0
2023-03-07,3055,152,0.05,3107,183,0.059,9658233.0,8339885.0,1377790.0,1136853.0,850390.0,730570.0
2023-03-08,2733,142,0.052,2779,181,0.065,9658233.0,8339885.0,1377790.0,1136853.0,850390.0,730570.0
2023-03-09,2592,154,0.059,2630,177,0.067,9658233.0,8339885.0,1377790.0,1136853.0,850390.0,730570.0
2023-03-10,2542,124,0.049,2592,166,0.064,9755110.0,8339885.0,1377790.0,1136853.0,852466.0,730570.0
2023-03-11,2234,115,0.051,2271,139,0.061,9755162.0,8339885.0,1377790.0,1136853.0,852466.0,730570.0
2023-03-12,1385,112,0.081,1424,139,0.098,9755162.0,8339885.0,1377790.0,1136853.0,852466.0,730570.0
2023-03-13,2251,135,0.06,2303,178,0.077,9755185.0,8339885.0,1377790.0,1136853.0,852466.0,730570.0
2023-03-14,2850,165,0.0579999999999999,2905,216,0.074,9755185.0,8339885.0,1377790.0,1136853.0,852466.0,730570.0
2023-03-15,2993,174,0.0579999999999999,3050,220,0.072,9755185.0,8339885.0,1377790.0,1136853.0,852466.0,730570.0
2023-03-16,2367,152,0.064,2444,215,0.088,9755185.0,8339885.0,1377790.0,1136853.0,852466.0,730570.0
2023-03-17,2761,157,0.057,2829,200,0.071,9755185.0,8339885.0,1377790.0,1136853.0,852466.0,730570.0
2023-03-18,1824,128,0.07,1895,191,0.1009999999999999,9755185.0,8341512.0,1377790.0,1136853.0,852466.0,730570.0
2023-03-19,1371,100,0.073,1399,122,0.087,9755185.0,8341512.0,1377790.0,1136853.0,852466.0,730570.0
2023-03-20,2286,202,0.088,2335,243,0.104,9755185.0,8341568.0,1377790.0,1136853.0,852466.0,730570.0
2023-03-21,2672,224,0.084,2754,292,0.106,9755185.0,8341568.0,1377790.0,1136853.0,852466.0,730570.0
2023-03-22,1623,150,0.092,1663,186,0.1119999999999999,9755185.0,8341777.0,1377790.0,1136853.0,852466.0,730570.0
2023-03-23,1640,145,0.088,1695,186,0.11,9755185.0,8341777.0,1377790.0,1136853.0,852466.0,730570.0
2023-03-24,2014,173,0.086,2087,231,0.111,9755185.0,8341777.0,1377790.0,1136853.0,852466.0,730570.0
2023-03-25,1917,205,0.107,2041,319,0.156,9755185.0,8341777.0,1377790.0,1136853.0,852466.0,730570.0
2023-03-26,1209,137,0.113,1242,161,0.13,9755185.0,8341815.0,1377790.0,1136853.0,852466.0,730570.0
2023-03-27,2390,234,0.098,2451,289,0.118,9755185.0,8341831.0,1377790.0,1136853.0,852466.0,730570.0
2023-03-28,1951,240,0.123,2016,300,0.149,9755185.0,8341860.0,1377790.0,1136853.0,852466.0,730570.0
2023-03-29,2541,240,0.094,2653,344,0.13,9755185.0,8341962.0,1377790.0,1136853.0,852466.0,730570.0
2023-03-30,1963,196,0.1,2011,238,0.118,9755185.0,8341962.0,1377790.0,1136853.0,852466.0,730570.0
2023-03-31,2566,219,0.085,2659,305,0.115,9755185.0,8342063.0,1377790.0,1136853.0,852466.0,730570.0
2023-04-01,1749,202,0.115,1797,238,0.132,9755185.0,8342167.0,1377790.0,1136853.0,852466.0,730570.0
2023-04-02,1048,136,0.13,1123,205,0.183,9755185.0,8342167.0,1377790.0,1136853.0,852466.0,730570.0
2023-04-03,1789,235,0.131,1821,256,0.141,9755185.0,8342167.0,1377790.0,1136853.0,852466.0,730570.0
2023-04-04,2590,280,0.108,2732,406,0.149,9755185.0,8342167.0,1377790.0,1136853.0,852466.0,730570.0
2023-04-05,2413,278,0.115,2522,372,0.148,9755185.0,8342167.0,1377790.0,1136853.0,852466.0,730570.0
2023-04-06,2431,295,0.121,2498,354,0.142,9755185.0,8342395.0,1377790.0,1136853.0,852466.0,730570.0
2023-04-07,1373,190,0.138,1425,240,0.168,9755185.0,8342395.0,1377790.0,1136853.0,852466.0,730570.0
2023-04-08,1111,205,0.185,1187,276,0.233,9755185.0,8342522.0,1377790.0,1136853.0,852466.0,730570.0
2023-04-09,1375,222,0.161,1452,287,0.198,9755185.0,8342539.0,1377790.0,1136853.0,852466.0,730570.0
2023-04-10,2158,373,0.173,2190,397,0.181,9755185.0,8342539.0,1377790.0,1136853.0,852466.0,730570.0
2023-04-11,2653,475,0.179,2833,625,0.221,9755185.0,8342616.0,1377790.0,1136853.0,852466.0,730570.0
2023-04-11,2653,475,0.179,2833,625,0.221,9755185.0,8342616.0,1377790.0,1136853.0,852466.0,730570.0
2023-04-12,2505,441,0.176,2599,515,0.198,9755185.0,8342725.0,1377790.0,1136853.0,852466.0,730570.0
2023-04-13,2444,486,0.1989999999999999,2487,515,0.207,9755185.0,8342815.0,1377790.0,1136853.0,852466.0,730570.0
2023-04-14,2155,395,0.183,2262,494,0.218,9755185.0,8342881.0,1377790.0,1136853.0,852466.0,730570.0
2023-04-15,2632,412,0.157,2777,527,0.19,9755185.0,8342962.0,1377790.0,1136853.0,852466.0,730570.0
2023-04-16,1424,294,0.206,1497,363,0.242,9755185.0,8342962.0,1377790.0,1136853.0,852466.0,730570.0
2023-04-17,2221,543,0.244,2288,600,0.262,9755185.0,8342962.0,1377790.0,1136853.0,852466.0,730570.0
2023-04-18,2526,523,0.207,2649,635,0.24,9755185.0,8342962.0,1377790.0,1136853.0,852466.0,730570.0
2023-04-19,2206,510,0.231,2346,641,0.273,9755185.0,8342962.0,1377790.0,1136853.0,852466.0,730570.0
2023-04-20,1303,384,0.295,1400,472,0.337,9755185.0,8342962.0,1377790.0,1136853.0,852466.0,730570.0
2023-04-21,1007,277,0.275,1114,379,0.34,9755185.0,8342962.0,1377790.0,1136853.0,852466.0,730570.0
2023-04-22,460,131,0.285,501,169,0.337,9755185.0,8342962.0,1377790.0,1136853.0,852466.0,730570.0
2023-04-23,733,189,0.258,765,215,0.281,9755185.0,8342962.0,1377790.0,1136853.0,852466.0,730570.0
2023-04-24,1365,397,0.291,1557,570,0.366,9755185.0,8343192.0,1377790.0,1136853.0,852466.0,730570.0
2023-04-25,1389,363,0.261,1502,470,0.313,9755185.0,8343192.0,1377790.0,1136853.0,852466.0,730570.0
2023-04-26,2193,543,0.248,2309,650,0.282,9755185.0,8343235.0,1377790.0,1136853.0,852466.0,730570.0
2023-04-27,2643,656,0.248,2750,750,0.273,9755185.0,8343245.0,1377790.0,1136853.0,852466.0,730570.0
2023-04-28,3074,704,0.2289999999999999,3263,881,0.27,9755185.0,8343245.0,1377790.0,1136853.0,852466.0,730570.0
2023-04-29,2667,630,0.236,2805,760,0.271,9755185.0,8343245.0,1377790.0,1136853.0,852466.0,730570.0
2023-04-30,1276,268,0.21,1328,314,0.236,9755185.0,8343245.0,1377790.0,1136853.0,852466.0,730570.0
2023-05-01,1616,412,0.255,1670,462,0.2769999999999999,9755185.0,8343245.0,1377790.0,1136853.0,852466.0,730570.0
2023-05-02,3143,811,0.258,3352,999,0.298,9755185.0,8343245.0,1377790.0,1136853.0,852466.0,730570.0
2023-05-03,3664,785,0.214,3949,1055,0.267,9755185.0,8343245.0,1377790.0,1136853.0,852466.0,730570.0
2023-05-04,3165,697,0.22,3417,935,0.2739999999999999,9755185.0,8343245.0,1377790.0,1136853.0,852466.0,730570.0
2023-05-05,3353,586,0.175,3564,782,0.2189999999999999,9755185.0,8343245.0,1377790.0,1136853.0,852466.0,730570.0
2023-05-06,2684,468,0.174,2962,735,0.248,9755185.0,8343245.0,1377790.0,1136853.0,852466.0,730570.0
2023-05-07,1806,335,0.185,1914,440,0.23,9755185.0,8343065.0,1377790.0,1136853.0,852466.0,730570.0
2023-05-08,2258,506,0.2239999999999999,2388,623,0.261,9755185.0,8343065.0,1377790.0,1136853.0,852466.0,730570.0
2023-05-09,3479,618,0.178,3761,879,0.2339999999999999,9755185.0,8343245.0,1377790.0,1136853.0,852466.0,730570.0
2023-05-10,2560,483,0.1889999999999999,2741,656,0.239,9755185.0,8343065.0,1377790.0,1136853.0,852466.0,730570.0
2023-05-11,2773,470,0.1689999999999999,2948,634,0.215,9755185.0,8343065.0,1377790.0,1136853.0,852466.0,730570.0
2023-05-12,2422,404,0.1669999999999999,2628,605,0.23,9755185.0,8343065.0,1377790.0,1136853.0,852466.0,730570.0
2023-05-13,2316,317,0.1369999999999999,2475,463,0.187,9755185.0,8343065.0,1377790.0,1136853.0,852466.0,730570.0
2023-05-14,1606,233,0.145,1735,356,0.205,9755185.0,8343065.0,1377790.0,1136853.0,852466.0,730570.0
2023-05-15,668,131,0.196,730,190,0.26,9755185.0,8343065.0,1377790.0,1136853.0,852466.0,730570.0
2023-05-16,3150,271,0.086,3674,775,0.211,9755185.0,8343864.0,1377790.0,1136853.0,852466.0,730570.0
2023-05-17,2246,183,0.081,2544,477,0.188,9755185.0,8343864.0,1377790.0,1136853.0,852466.0,730570.0
2023-05-18,1361,119,0.087,1503,258,0.172,9755185.0,8343864.0,1377790.0,1136853.0,852466.0,730570.0
2023-05-19,1880,169,0.09,2078,355,0.171,9755185.0,8343864.0,1377790.0,1136853.0,852466.0,730570.0
2023-05-20,1954,120,0.061,2170,326,0.15,9755185.0,8343864.0,1377790.0,1136853.0,852466.0,730570.0
2023-05-21,890,81,0.091,1026,210,0.205,9755185.0,8344026.0,1377790.0,1136853.0,852466.0,730570.0
2023-05-22,1712,191,0.1119999999999999,1919,381,0.1989999999999999,9755185.0,8344026.0,1377790.0,1136853.0,852466.0,730570.0
2023-05-23,2511,135,0.054,2751,368,0.134,9755185.0,8344026.0,1377790.0,1136853.0,852466.0,730570.0
2023-05-24,2152,131,0.061,2329,303,0.13,9755185.0,8344099.0,1377790.0,1136853.0,852466.0,730570.0
2023-05-25,1700,123,0.072,1830,243,0.133,9755185.0,8344099.0,1377790.0,1136853.0,852466.0,730570.0
2023-05-26,2155,106,0.049,2333,275,0.118,9755185.0,8344099.0,1377790.0,1136853.0,852466.0,730570.0
2023-05-27,1794,70,0.039,1969,243,0.123,9755185.0,8344099.0,1377790.0,1136853.0,852466.0,730570.0
2023-05-28,820,71,0.087,858,106,0.124,9755185.0,8344099.0,1377790.0,1136853.0,852466.0,730570.0
2023-05-29,1452,125,0.086,1570,228,0.145,9755185.0,8344099.0,1377790.0,1136853.0,852466.0,730570.0
2023-05-30,2204,108,0.049,2389,285,0.119,9755185.0,8344099.0,1377790.0,1136853.0,852466.0,730570.0
2023-05-31,1679,85,0.051,1764,168,0.095,9755185.0,8344099.0,1377790.0,1136853.0,852466.0,730570.0
2023-06-01,1382,47,0.034,1496,156,0.104,9755185.0,8344172.0,1377790.0,1136853.0,852466.0,730570.0
2023-06-02,1274,56,0.044,1350,123,0.091,9755185.0,8344172.0,1377790.0,1136853.0,852466.0,730570.0
2023-06-03,921,48,0.052,997,119,0.119,9755185.0,8344172.0,1377790.0,1136853.0,852466.0,730570.0
2023-06-04,816,53,0.065,854,86,0.1009999999999999,9755185.0,8344172.0,1377790.0,1136853.0,852466.0,730570.0
2023-06-05,1501,79,0.053,1600,172,0.108,9755185.0,8344172.0,1377790.0,1136853.0,852466.0,730570.0
2023-06-06,1894,73,0.039,1973,144,0.073,9755185.0,8344172.0,1377790.0,1136853.0,852466.0,730570.0
2023-06-07,1501,58,0.039,1576,128,0.081,9755185.0,8344274.0,1377790.0,1136853.0,852466.0,730570.0
2023-06-08,1512,41,0.027,1588,105,0.066,9755185.0,8344274.0,1377790.0,1136853.0,852466.0,730570.0
2023-06-09,1403,50,0.036,1464,105,0.072,9755185.0,8344274.0,1377790.0,1136853.0,852466.0,730570.0
2023-06-10,1488,35,0.024,1564,100,0.064,9755185.0,8344274.0,1377790.0,1136853.0,852466.0,730570.0
2023-06-11,588,32,0.054,620,63,0.102,9755185.0,8344274.0,1377790.0,1136853.0,852466.0,730570.0
2023-06-12,1234,38,0.031,1286,84,0.065,9755185.0,8344274.0,1377790.0,1136853.0,852466.0,730570.0
2023-06-13,1503,48,0.032,1553,97,0.062,9755185.0,8344989.0,1377790.0,1136853.0,852466.0,730570.0
2023-06-14,1429,39,0.027,1481,86,0.0579999999999999,9755185.0,8344989.0,1377790.0,1136853.0,852466.0,730570.0
2023-06-15,1243,33,0.027,1275,60,0.047,9755185.0,8344996.0,1377790.0,1136853.0,852466.0,730570.0
2023-06-16,1323,30,0.023,1374,76,0.055,9755185.0,8344996.0,1377790.0,1136853.0,852466.0,730570.0
2023-06-17,1050,17,0.016,1094,56,0.051,9755185.0,8344996.0,1377790.0,1136853.0,852466.0,730570.0
2023-06-18,712,13,0.018,752,38,0.051,9755185.0,8345164.0,1377790.0,1136853.0,852466.0,730570.0
2023-06-19,1119,37,0.033,1139,50,0.044,9755185.0,8345164.0,1377790.0,1136853.0,852466.0,730570.0
2023-06-20,1451,24,0.017,1493,62,0.042,9755185.0,8345164.0,1377790.0,1136853.0,852466.0,730570.0
2023-06-21,1347,26,0.019,1384,57,0.0409999999999999,9755185.0,8345164.0,1377790.0,1136853.0,852466.0,730570.0
2023-06-22,1209,30,0.025,1234,55,0.045,9755185.0,8345226.0,1377790.0,1136853.0,852466.0,730570.0
2023-06-23,1066,20,0.019,1104,51,0.046,9755185.0,8345226.0,1377790.0,1136853.0,852466.0,730570.0
2023-06-24,1261,18,0.0139999999999999,1297,51,0.039,9755185.0,8345226.0,1377790.0,1136853.0,852466.0,730570.0
2023-06-25,437,10,0.023,445,14,0.031,9755185.0,8345295.0,1377790.0,1136853.0,852466.0,730570.0
2023-06-26,842,19,0.023,852,27,0.032,9755185.0,8345295.0,1377790.0,1136853.0,852466.0,730570.0
2023-06-27,1126,11,0.01,1168,46,0.039,9755185.0,8345301.0,1377790.0,1136853.0,852466.0,730570.0
2023-06-28,749,8,0.011,765,19,0.025,9755185.0,8345301.0,1377790.0,1136853.0,852466.0,730570.0
2023-06-29,384,11,0.0289999999999999,394,12,0.03,9755185.0,8345301.0,1377790.0,1136853.0,852466.0,730570.0
2023-06-29,384,11,0.0289999999999999,394,12,0.03,9755185.0,8345307.0,1377790.0,1136853.0,852466.0,730570.0
